PROBEID,ENTREZID
1,16656909,NA
2,16839478,NA
3,16752014,NA
4,16939508,NA
5,16654771,NA
6,16653757,NA
7,17013728,25902
8,16851840,NA
9,16652863,NA
10,16885819,NA
11,16973830,NA
12,16653047,NA
13,17032402,NA
14,16650441,NA
15,16767324,100379132
16,17100797,NA
17,16656407,NA
18,16900480,NA
19,16803212,257364
20,16705437,100302273
21,16844292,101340251
22,16651859,NA
23,17039221,NA
24,16974246,NA
25,16907401,NA
26,17109109,NA
27,16998059,57561
28,16790264,NA
29,16744707,NA
30,16730503,10413
31,16650235,NA
32,16652535,NA
33,16651625,NA
34,16790259,NA
35,17087395,NA
36,16870399,NA
37,16819145,51716
38,16788677,NA
39,16958923,NA
40,16890763,10109
41,17034729,NA
42,16654607,NA
43,17119804,NA
44,16867227,NA
45,17017176,NA
46,16756431,90488
47,16866370,375690
48,16866370,100287171
49,16832319,26118
50,17119280,NA
51,16771493,NA
52,16876334,105371312
53,16867226,NA
54,16692297,5565
55,16652323,NA
56,16777272,NA
57,16652125,NA
58,16788618,767578
59,16703334,NA
60,16653777,NA
61,16655485,NA
62,16772942,7750
63,16692624,337873
64,16651067,NA
65,17118058,441081
66,17118058,728488
67,17118066,441081
68,17118066,728488
69,17118104,441081
70,17118104,728488
71,17118127,441081
72,17118127,728488
73,16788616,767577
74,16787362,NA
75,17125722,3730
76,16839509,NA
77,16656947,NA
78,17079288,NA
79,17092953,NA
80,16914169,NA
81,16992343,NA
82,16934591,NA
83,16926445,754
84,17106679,NA
85,17117586,NA
86,16653769,NA
87,17119264,26792
88,17119264,10528
89,16703854,NA
90,16692477,100288142
91,16692477,100132406
92,16692477,728841
93,16737017,NA
94,17120064,55207
95,16922036,NA
96,17045540,NA
97,16859655,26780
98,16771480,NA
99,16839511,NA
100,16850759,5797
101,17053100,NA
102,16917545,NA
103,17104937,NA
104,16979779,NA
105,16778708,NA
106,16785869,6430
107,16976108,NA
108,16859205,652995
109,16808717,NA
110,16788675,NA
111,16655467,NA
112,16842468,NA
113,16783498,NA
114,17047367,NA
115,17058392,NA
116,16706419,NA
117,16974226,NA
118,16679945,NA
119,16653817,NA
120,16653071,NA
121,16651647,NA
122,16914779,NA
123,17023377,NA
124,16889755,NA
125,16713708,399761
126,16713708,642826
127,16937024,8553
128,17118218,NA
129,16722392,NA
130,16656931,NA
131,16769749,NA
132,16650129,NA
133,16822256,105376781
134,16822256,729737
135,16822256,388572
136,16822256,105376333
137,16816599,105371120
138,16824637,105371120
139,16653297,NA
140,16653399,NA
141,16788703,767612
142,16978470,7323
143,16653797,NA
144,16654273,NA
145,16704844,100652748
146,16996941,NA
147,17088059,NA
148,16922648,7267
149,16995707,NA
150,16788620,767579
151,16788669,767595
152,17117659,NA
153,16706423,NA
154,16985065,NA
155,16788653,767585
156,16654649,NA
157,17057478,3486
158,16924153,NA
159,17068170,8754
160,16651825,NA
161,16806732,100288615
162,16788390,NA
163,16651261,NA
164,16654559,NA
165,16650335,NA
166,16758874,NA
167,16650325,NA
168,17121152,440248
169,17121152,400322
170,17115505,2316
171,17124704,NA
172,17124096,728411
173,16655399,NA
174,16816897,100190986
175,16935724,NA
176,16777715,2321
177,17114567,26787
178,16743517,84441
179,16898394,5861
180,16898394,105374779
181,16990132,NA
182,16980768,NA
183,17119404,NA
184,16925023,677846
185,16902476,10746
186,16947061,4154
187,17007842,NA
188,16704298,NA
189,16938102,85403
190,16651657,NA
191,17121462,23049
192,17121462,641298
193,17121462,100271836
194,17121462,595101
195,17121462,440354
196,17121462,105369244
197,17121462,105371128
198,16706254,NA
199,16654201,NA
200,17120480,399761
201,16650421,NA
202,16983200,10299
203,16764564,51474
204,16655175,NA
205,16888610,1281
206,16888610,100500837
207,16711445,NA
208,16653779,NA
209,16867222,NA
210,17115925,4267
211,16651193,NA
212,16656597,NA
213,16998211,9652
214,16653727,NA
215,17020317,667
216,16965480,NA
217,17068633,NA
218,16671791,55154
219,16654765,NA
220,16655503,NA
221,17051236,813
222,16929416,25793
223,16993416,NA
224,16767756,4673
225,16805218,100507217
226,17025595,113402
227,16887702,3655
228,16658579,NA
229,17067170,665
230,17046683,27342
231,16656699,NA
232,17061433,6733
233,16787346,NA
234,16995254,92255
235,16654763,NA
236,16802104,NA
237,16977342,NA
238,16654083,NA
239,16688269,23169
240,16875074,81856
241,17026087,692092
242,17027281,692092
243,17030127,692092
244,17032817,692092
245,17035002,692092
246,17037609,692092
247,16827759,NA
248,16701317,3192
249,16914733,441951
250,16989243,7320
251,16771445,NA
252,17104675,NA
253,16656307,NA
254,16652821,NA
255,16756241,23325
256,16654671,NA
257,16867219,NA
258,16651673,NA
259,16666268,5876
260,17122664,112597
261,16980601,152503
262,16656953,NA
263,16819082,54947
264,17118030,NA
265,16793149,10175
266,16847996,9931
267,16695345,1314
268,16825722,595101
269,16825722,440354
270,16825722,641298
271,16825722,100271836
272,16825722,23049
273,16825722,105369244
274,17119068,26808
275,17119068,22897
276,17024544,NA
277,16650143,NA
278,16652121,NA
279,16788665,767593
280,16924979,9875
281,16699778,NA
282,16701183,NA
283,17045834,NA
284,16889636,659
285,16824865,100190986
286,16675673,23271
287,16839515,NA
288,16839502,NA
289,16771478,NA
290,16679650,51097
291,16843906,102723859
292,16843906,440434
293,16843906,101929950
294,16824867,100271836
295,16824867,641298
296,16824867,105369244
297,16824867,105371137
298,16824867,23049
299,16824867,595101
300,16824867,440354
301,17051189,NA
302,16655601,NA
303,16849306,NA
304,16712627,10006
305,17016390,8339
306,17124944,NA
307,16694357,677823
308,16974498,26234
309,17119728,26814
310,17119148,26817
311,17119148,23521
312,16653289,NA
313,16653391,NA
314,16885802,NA
315,16657039,NA
316,16984244,9180
317,16678343,NA
318,16788697,767609
319,16899476,100170221
320,16898292,51542
321,17031857,7919
322,17031857,100532737
323,17034329,7919
324,17034329,100532737
325,17036577,7919
326,17036577,100532737
327,17039370,7919
328,17039370,100532737
329,16790234,NA
330,16657085,NA
331,17006066,692092
332,16848888,3021
333,17022161,NA
334,17096728,19
335,16791821,112399
336,16791821,102724945
337,16791821,105370444
338,16693813,103
339,17103185,7076
340,16654813,NA
341,16987883,91137
342,16909520,654321
343,17044726,NA
344,17023979,NA
345,16900526,NA
346,16702547,10133
347,17051159,29923
348,16984469,NA
349,17009093,7422
350,17117463,84898
351,16934596,NA
352,17080788,114907
353,16650255,NA
354,17119144,26819
355,17119144,23521
356,16828519,NA
357,16787464,NA
358,16867212,1938
359,16855494,NA
360,16888865,2744
361,17118726,26806
362,16965162,132864
363,16973871,85013
364,17093090,23586
365,17122454,375248
366,17122454,400986
367,17122454,57730
368,17117684,23117
369,16713144,3688
370,16713144,106633814
371,16831619,NA
372,16660682,NA
373,16994992,51663
374,16657317,NA
375,16934237,NA
376,16924551,351
377,17048190,5218
378,17028041,50854
379,16788649,767583
380,16857934,NA
381,16658576,NA
382,17118730,692196
383,17118730,60674
384,16893461,NA
385,16653819,NA
386,16709223,8036
387,16735817,NA
388,16839510,NA
389,16897448,NA
390,17120222,NA
391,16835213,9520
392,16852308,677769
393,16709333,6934
394,17119704,641648
395,17122322,NA
396,16653755,NA
397,16653745,NA
398,16653707,NA
399,16913572,677837
400,17095703,4783
401,16867213,NA
402,16735810,NA
403,17108528,8263
404,16702501,NA
405,16887736,5163
406,17022388,8763
407,17044692,222171
408,16981500,NA
409,16705260,221035
410,17119488,677806
411,17082935,58500
412,17114829,3423
413,17114829,105373366
414,17081401,10397
415,16888674,84128
416,16915868,79444
417,17046586,677807
418,16870802,7562
419,16788683,767599
420,16830488,5430
421,16720085,8519
422,16653835,NA
423,16983451,10409
424,16723246,5954
425,16822904,574042
426,16867217,NA
427,17122034,390963
428,17123678,NA
429,16794511,NA
430,17068629,NA
431,16984032,6502
432,16855545,115701
433,16655767,NA
434,17079434,26775
435,17079435,NA
436,16739606,NA
437,16810329,51065
438,17117565,NA
439,17121504,10134
440,16650451,NA
441,16714890,26091
442,16779844,26224
443,16816860,100132247
444,16816860,641298
445,16816860,23117
446,16816860,101060386
447,16816860,105371137
448,16816860,100271836
449,16816860,23049
450,16816860,595101
451,16816860,440354
452,16816860,105369244
453,17123332,NA
454,16678319,NA
455,16687985,83941
456,17126218,NA
457,17112996,9643
458,16867221,NA
459,17119610,NA
460,17095775,3376
461,16954059,NA
462,17101027,23760
463,17056244,NA
464,17068631,NA
465,16974242,NA
466,16837298,51321
467,16897637,57142
468,16877836,10890
469,16758617,NA
470,16797196,113146
471,17038746,NA
472,17112184,NA
473,17098620,NA
474,17118780,619562
475,16784883,64430
476,16867228,NA
477,16769743,NA
478,17024335,3097
479,16654657,NA
480,17048667,NA
481,16855475,NA
482,16653713,NA
483,16735807,NA
484,17120680,283131
485,17117619,NA
486,16830575,652966
487,16830575,1973
488,16921475,NA
489,16810959,NA
490,17017200,NA
491,17065899,NA
492,17074447,NA
493,16922779,2114
494,17044800,2617
495,16914743,100113393
496,16665373,10207
497,16655015,NA
498,17106493,3597
499,16788083,10914
500,16764102,NA
501,16855501,NA
502,17121818,84669
503,16740333,NA
504,17126262,283131
505,16878541,NA
506,16722603,3939
507,17046652,NA
508,16798236,100033821
509,17006306,NA
510,16849298,439921
511,16653687,NA
512,17002846,1843
513,16989955,492311
514,16788685,767600
515,17059932,5445
516,16756078,7184
517,16756078,100500842
518,17126140,NA
519,16831928,10517
520,17009218,NA
521,16960111,NA
522,16769720,NA
523,16804804,8826
524,17118228,NA
525,17118232,NA
526,17118242,NA
527,17118246,NA
528,16654637,NA
529,16860168,170959
530,17125622,NA
531,16921464,101930100
532,17086074,23230
533,16954055,387
534,17124702,NA
535,16971420,NA
536,16858592,284391
537,16654597,NA
538,16663800,NA
539,17120596,378938
540,16688164,3716
541,16654645,NA
542,16824548,NA
543,16904365,64135
544,17079248,25962
545,16650331,NA
546,16900510,NA
547,17072125,114569
548,17072125,105375725
549,17013468,134957
550,16656181,NA
551,16654157,NA
552,17109545,10149
553,16842281,NA
554,16684898,NA
555,16904324,2191
556,16712458,64215
557,16755534,NA
558,16743328,79101
559,16692775,4170
560,16938061,23473
561,17121958,1431
562,16870443,9244
563,17124700,641977
564,17120860,143
565,17100793,NA
566,16990845,NA
567,17118836,9301
568,17118836,23642
569,16872223,NA
570,16821541,83716
571,17087480,7046
572,16898110,7514
573,17091695,10383
574,16758622,NA
575,17104685,NA
576,16659459,10630
577,16735820,NA
578,17084428,51271
579,16910070,100616493
580,16788622,767580
581,16973315,NA
582,16651585,NA
583,16701287,159
584,16958236,201562
585,17117907,NA
586,16790744,23428
587,16946928,51714
588,16759051,NA
589,16673056,6675
590,17017193,NA
591,16954058,NA
592,16799492,100505573
593,16735152,1200
594,16993421,NA
595,16674805,3915
596,16825465,107282092
597,16825465,440354
598,16825465,595101
599,16825465,23049
600,16650391,NA
601,17119146,26818
602,17119146,23521
603,16879764,23433
604,16850609,10627
605,16755526,NA
606,16678346,NA
607,17100893,NA
608,16753886,NA
609,16733070,3703
610,16769724,NA
611,16703495,22931
612,17119798,26778
613,17119798,6134
614,17006299,NA
615,17124872,101927668
616,16673899,51430
617,17116194,64595
618,16657023,NA
619,16802389,8554
620,16681304,54206
621,17022351,NA
622,16861384,NA
623,16751993,3178
624,16652825,NA
625,17106357,5358
626,17125582,NA
627,16678333,NA
628,16657181,NA
629,17050776,NA
630,17014166,56995
631,16758612,10959
632,17006378,203068
633,17010343,NA
634,16810966,NA
635,16847839,100616408
636,16847839,1655
637,16847840,NA
638,16651271,NA
639,16759262,NA
640,16865999,NA
641,16800630,84419
642,16800630,100126311
643,16893470,NA
644,17096546,85365
645,16650285,NA
646,16878443,2355
647,16651269,NA
648,17020930,55754
649,17010929,10957
650,16733851,10410
651,17067190,1808
652,17125580,NA
653,16900532,NA
654,17120866,143
655,16774405,29103
656,16822889,6187
657,16801850,51762
658,16831550,100129396
659,16831550,100996259
660,17121122,503639
661,17121122,642477
662,17121122,503637
663,17074071,NA
664,16781059,55608
665,16781059,100505494
666,17072979,10656
667,16808993,NA
668,16744689,NA
669,17100621,NA
670,16905590,51661
671,16651427,NA
672,16807931,NA
673,16909828,1293
674,16712703,10730
675,16651367,NA
676,16734355,283120
677,16734355,100033819
678,16685958,22887
679,16763964,677815
680,16763964,100302221
681,16925135,NA
682,16653711,NA
683,16881161,51449
684,16716350,59
685,16855502,NA
686,16653843,NA
687,16855493,NA
688,16869487,NA
689,16653171,NA
690,16747954,NA
691,16945472,NA
692,16650479,NA
693,16650703,NA
694,16681370,2023
695,16752018,NA
696,16724861,710
697,17022035,10973
698,17118854,692072
699,17118854,79101
700,16713057,94134
701,17095461,79670
702,16898578,2673
703,16653747,NA
704,16810963,NA
705,16723326,79832
706,16855578,3998
707,16656015,NA
708,16653703,NA
709,16873998,NA
710,16721681,NA
711,17026211,203068
712,17030404,203068
713,17033109,203068
714,17035229,203068
715,17037888,203068
716,17040602,203068
717,16699862,100616468
718,16713760,728643
719,16981266,91351
720,16654595,NA
721,16658939,NA
722,16654643,NA
723,16828520,NA
724,17094586,NA
725,16731945,372
726,16650751,NA
727,16726096,10313
728,17027559,203068
729,16942935,55279
730,16856232,10272
731,16924268,8204
732,16706422,NA
733,16838405,NA
734,16804409,NA
735,16650715,NA
736,16901427,80146
737,16656681,NA
738,16769078,NA
739,16771470,NA
740,16797932,NA
741,16721673,NA
742,16651653,NA
743,16913341,10398
744,16653825,NA
745,16900452,NA
746,16816018,100126355
747,16828841,55625
748,16796207,57062
749,16654659,NA
750,16850400,NA
751,16651225,NA
752,16835374,4779
753,16747956,NA
754,16660503,998
755,16752028,NA
756,16702827,653567
757,16745561,85391
758,16793067,10979
759,17005569,3008
760,16890473,NA
761,16653805,NA
762,16840162,NA
763,17119262,26793
764,17119262,10528
765,16977168,10983
766,16652233,NA
767,17119258,692213
768,17118250,NA
769,16673043,127933
770,16815781,29035
771,16658943,NA
772,16763280,85437
773,16654815,NA
774,16861390,NA
775,16726880,283131
776,16704182,55454
777,16938626,NA
778,16884703,150472
779,17124708,11328
780,17092969,9373
781,16729290,25987
782,16709553,26033
783,16650857,NA
784,16810954,6124
785,17080486,4982
786,17119476,692199
787,17119476,7919
788,17119630,692199
789,17119630,7919
790,17121464,NA
791,16863753,2014
792,16771558,NA
793,17125488,NA
794,16985950,4131
795,17125876,647135
796,17125876,653464
797,17122464,NA
798,16855492,NA
799,16894402,4953
800,17119904,NA
801,16898108,100124537
802,17084932,100506710
803,17014364,3482
804,16867215,NA
805,16849274,10610
806,17004612,1832
807,17080747,NA
808,16994067,NA
809,16868847,25959
810,16771432,NA
811,16847831,NA
812,16905216,151556
813,17007884,1432
814,17117560,NA
815,16956569,5627
816,16939469,10289
817,17021122,25998
818,16960186,5359
819,16726891,378938
820,17010459,NA
821,16704088,NA
822,16822254,NA
823,16950181,NA
824,17091901,NA
825,16679897,NA
826,16699572,NA
827,16733806,NA
828,16866392,NA
829,16979334,NA
830,17122920,5290
831,16697166,80267
832,16854268,4864
833,16744686,NA
834,16879061,NA
835,16687487,9528
836,16790262,NA
837,16654561,NA
838,16855176,NA
839,17120006,641977
840,17120006,285961
841,17120006,645513
842,16653589,NA
843,16823098,NA
844,17016205,81688
845,17046347,NA
846,17095336,NA
847,16999582,NA
848,17120788,NA
849,16795192,9517
850,16839495,NA
851,17059119,10512
852,16767794,114882
853,16992341,NA
854,16920277,23394
855,16986552,23743
856,16912939,693229
857,16774162,387921
858,16915220,57403
859,16810612,51324
860,16654879,NA
861,16653683,NA
862,17123694,152687
863,16684385,692234
864,16684385,692235
865,16684387,692234
866,16684387,692235
867,16855182,26791
868,16855183,NA
869,17106102,1287
870,16654885,NA
871,16973753,105374352
872,16934587,NA
873,16779085,55213
874,16793559,51635
875,16798144,100033415
876,16798144,100033421
877,16798144,100033420
878,16798144,100033417
879,16798144,100033419
880,16798154,100033415
881,16798154,100033421
882,16798154,100033420
883,16798154,100033417
884,16798154,100033419
885,17044437,NA
886,17094855,51104
887,17121088,NA
888,17120858,143
889,16676183,493
890,16889741,NA
891,16767142,51643
892,17069877,NA
893,16711446,NA
894,16798152,100033420
895,16798152,100033415
896,16798152,100033421
897,16798152,100033417
898,16798152,100033419
899,16654421,NA
900,16715112,56681
901,17123316,4144
902,16785952,22990
903,17018396,NA
904,16793455,NA
905,17068627,NA
906,16656013,NA
907,16788659,767590
908,17094494,NA
909,16651361,NA
910,17081158,NA
911,16763540,54407
912,17124988,7171
913,16840691,NA
914,16693646,NA
915,16822913,6187
916,16966932,NA
917,16938763,10015
918,17121466,NA
919,16715269,9806
920,16892112,NA
921,16650587,NA
922,16660876,NA
923,16696612,NA
924,17118734,NA
925,16851309,80000
926,16776052,9375
927,17063534,NA
928,16655041,NA
929,16955442,378
930,16651211,NA
931,17008534,100188893
932,16956954,NA
933,16668916,NA
934,16654641,NA
935,16653809,NA
936,17118826,9304
937,17118826,23642
938,16699507,677818
939,16699507,100302234
940,17093373,100113379
941,16854660,NA
942,16856203,682
943,16790233,3183
944,17046640,8460
945,16855504,NA
946,16788657,767589
947,16757710,5037
948,16654681,NA
949,16715133,5464
950,17071188,92140
951,16651347,NA
952,16781352,NA
953,16922396,6526
954,16922396,64968
955,17095323,NA
956,16956661,56650
957,16867224,NA
958,17121126,642477
959,16969344,493856
960,17118394,NA
961,16780917,8660
962,17124696,641977
963,17118818,692223
964,17025297,6950
965,16753465,11260
966,17120874,143
967,17120874,23783
968,16650309,NA
969,16711447,NA
970,16711280,1316
971,16999072,NA
972,16808326,9677
973,16804333,11214
974,16651655,NA
975,17097308,9991
976,17095899,1842
977,17123390,3146
978,17123390,140690
979,16913378,6185
980,16913378,1917
981,17101854,NA
982,17024285,10370
983,16821691,NA
984,16651433,NA
985,16654773,NA
986,17113980,6594
987,16968680,6696
988,16745154,NA
989,17122298,23433
990,16892039,5707
991,16732676,84959
992,17118774,641451
993,16654881,NA
994,16712274,NA
995,16948209,5290
996,16972480,80817
997,16864163,NA
998,16666013,9295
999,16850595,84034
1000,16916559,100113378
1001,16685076,6421
1002,16654647,NA
1003,16911463,22903
1004,16687875,3725
1005,16852771,NA
1006,16795394,6400
1007,16984755,NA
1008,17119418,NA
1009,16654961,NA
1010,17101677,158747
1011,16775856,5611
1012,16697243,NA
1013,16753779,5908
1014,16987720,23262
1015,17105047,5230
1016,16826243,81533
1017,16906000,91404
1018,17122534,23433
1019,16798138,100033414
1020,16798138,100033418
1021,16798138,100033413
1022,16798138,100033416
1023,16798138,104472715
1024,16782187,4323
1025,16897313,805
1026,16924207,6782
1027,16650371,NA
1028,16994272,9037
1029,16877555,388
1030,16689869,2152
1031,16966645,NA
1032,17100991,NA
1033,17120990,NA
1034,16801789,7168
1035,16798146,100033417
1036,16798146,100033419
1037,16798146,100033415
1038,16798146,100033420
1039,16798146,100033421
1040,16798150,100033417
1041,16798150,100033419
1042,16798150,100033415
1043,16798150,100033420
1044,16798150,100033421
1045,16759200,NA
1046,16798148,100033418
1047,16798148,100033414
1048,16798148,100033420
1049,16719644,664
1050,16965708,NA
1051,16724031,2132
1052,17028037,50854
1053,16745563,79827
1054,16993409,NA
1055,16652865,NA
1056,16722252,84188
1057,16817090,5930
1058,16974224,100302277
1059,16974224,100302204
1060,16974224,100302186
1061,17015388,6745
1062,16880001,11036
1063,16880001,286749
1064,16880001,11037
1065,16766260,506
1066,17116200,8287
1067,16983456,NA
1068,16994969,54545
1069,16653725,NA
1070,16654639,NA
1071,16990133,NA
1072,16787114,NA
1073,16770100,51699
1074,16847199,NA
1075,16888367,54431
1076,16731492,25996
1077,16934590,NA
1078,16670383,723790
1079,16670383,8337
1080,17116410,9086
1081,16881838,3099
1082,16741547,NA
1083,17068617,NA
1084,16985353,55914
1085,16854486,1824
1086,17023799,154091
1087,16811816,5780
1088,16981219,55601
1089,17022356,NA
1090,16877147,NA
1091,16711452,NA
1092,16657177,NA
1093,16735830,NA
1094,16855503,NA
1095,17036745,1192
1096,17039540,1192
1097,17042023,1192
1098,17124454,641977
1099,17124454,989
1100,17121892,283970
1101,17121892,339044
1102,17121892,9284
1103,17121892,105369154
1104,17095342,NA
1105,16651967,NA
1106,16652631,NA
1107,16744688,NA
1108,17119086,677850
1109,17119086,100507246
1110,17120864,143
1111,17121380,10134
1112,17009760,222584
1113,16759218,283383
1114,17076009,51669
1115,16652299,NA
1116,16654695,NA
1117,16698234,2331
1118,16811437,3073
1119,17125574,100272228
1120,16674927,23179
1121,17124688,1915
1122,16767052,2799
1123,17117867,NA
1124,17012783,NA
1125,17037670,3105
1126,16908037,2335
1127,16660673,6135
1128,16961037,677767
1129,16951247,23243
1130,16946393,5922
1131,16883647,3554
1132,16834179,10209
1133,16777460,143
1134,16980918,1519
1135,17118329,NA
1136,17121378,10134
1137,16696504,60674
1138,16696504,106635533
1139,16869291,26810
1140,17115971,105373291
1141,16880122,6711
1142,16995835,NA
1143,16970074,677809
1144,17118690,677838
1145,17118690,85028
1146,16871467,126393
1147,16752007,NA
1148,16951140,100302277
1149,16951140,100302204
1150,16951140,100302186
1151,16832566,26809
1152,16700888,4811
1153,16825463,NA
1154,16825533,NA
1155,16825751,NA
1156,16729217,NA
1157,17017188,NA
1158,16676764,1604
1159,16873645,100170220
1160,16873645,100170218
1161,16873645,100170219
1162,16873645,100170223
1163,16873645,100170225
1164,16873645,100170226
1165,16873645,100170217
1166,16873645,100170224
1167,16873645,4162
1168,17119138,100170218
1169,17119138,100170219
1170,17119138,100170223
1171,17119138,100170225
1172,17119138,100170226
1173,17119138,100170217
1174,17119138,100170224
1175,17119138,100170220
1176,17119138,4162
1177,17119142,100170218
1178,17119142,100170219
1179,17119142,100170223
1180,17119142,100170225
1181,17119142,100170226
1182,17119142,100170217
1183,17119142,100170224
1184,17119142,100170220
1185,17119142,4162
1186,16727217,NA
1187,17095334,NA
1188,17118277,6171
1189,17118792,693197
1190,17118792,283131
1191,16862439,558
1192,17109326,57393
1193,16809913,NA
1194,16743338,79101
1195,16819450,89970
1196,16975345,23244
1197,17094496,100302167
1198,16809457,4644
1199,16828525,NA
1200,17118930,692215
1201,16847824,NA
1202,16792859,5836
1203,16848721,10476
1204,17119106,NA
1205,16659505,NA
1206,17032027,1192
1207,16798206,100033431
1208,16798206,692236
1209,16867915,3643
1210,17022996,6098
1211,17124130,54205
1212,16869350,1777
1213,17123388,3146
1214,17123388,140690
1215,16993412,NA
1216,17019805,27242
1217,16764704,NA
1218,17034497,1192
1219,17120902,NA
1220,16722400,NA
1221,16889734,NA
1222,17125566,NA
1223,16975310,7358
1224,16876667,NA
1225,16847820,1655
1226,16847820,100616387
1227,16658655,80176
1228,16934239,NA
1229,16949873,NA
1230,16669481,NA
1231,16691852,NA
1232,17101025,NA
1233,16805190,NA
1234,16735816,NA
1235,17122058,6134
1236,17039299,3106
1237,16653119,NA
1238,17123766,101928509
1239,16850896,57045
1240,16734313,1509
1241,17123306,5627
1242,16655313,NA
1243,17000520,26785
1244,16987773,NA
1245,16889704,NA
1246,16902064,80255
1247,16758618,NA
1248,16651933,NA
1249,16652597,NA
1250,16805594,4205
1251,16651623,NA
1252,17125568,NA
1253,16769207,51019
1254,17032882,3105
1255,16905371,80856
1256,16810884,NA
1257,16887179,253782
1258,17046524,NA
1259,16693645,NA
1260,17050591,4233
1261,16800680,58472
1262,17044427,NA
1263,16652995,NA
1264,17019208,55173
1265,17068541,7419
1266,16975306,NA
1267,17075731,1191
1268,17075731,102465508
1269,16659251,55187
1270,16935798,80274
1271,17085760,256691
1272,16769159,79158
1273,16855177,NA
1274,16693643,NA
1275,16779958,1910
1276,16680258,54587
1277,16882142,9168
1278,16816895,NA
1279,16824899,NA
1280,16824980,NA
1281,17072162,7373
1282,17072162,105375730
1283,16794257,NA
1284,16716983,56889
1285,16999584,NA
1286,16800105,NA
1287,16855172,NA
1288,17059628,1595
1289,16676893,4179
1290,16758615,NA
1291,16788661,767591
1292,16651577,NA
1293,16771466,NA
1294,16684080,2537
1295,16748205,29121
1296,16651821,NA
1297,16716507,5507
1298,16725908,692158
1299,16725908,751071
1300,17126192,692087
1301,16739208,2495
1302,16706257,NA
1303,16955994,151647
1304,17123308,5627
1305,17065933,NA
1306,16656639,NA
1307,16693272,6281
1308,17063480,64761
1309,17120870,143
1310,16887589,79901
1311,17089113,105376272
1312,16900800,NA
1313,16815704,NA
1314,17059771,54809
1315,16818927,80205
1316,17027443,3133
1317,17030288,3133
1318,17037774,3133
1319,17040488,3133
1320,16852369,NA
1321,16977251,118429
1322,16838101,677849
1323,16737102,100190939
1324,16656569,NA
1325,17120888,374491
1326,16883690,9173
1327,16769738,NA
1328,16977094,950
1329,16900453,NA
1330,16702767,7431
1331,16815711,NA
1332,17061881,9732
1333,16830573,652965
1334,16830573,1973
1335,16947026,344752
1336,16983373,54491
1337,16938724,25827
1338,16847832,NA
1339,16788574,767562
1340,16914745,692057
1341,16934340,NA
1342,17024374,2519
1343,17046545,NA
1344,16733435,334
1345,17044007,NA
1346,17098411,3309
1347,17012313,135112
1348,16816174,NA
1349,16816369,NA
1350,16824125,NA
1351,16824347,NA
1352,16654613,NA
1353,17112316,84061
1354,16906534,6772
1355,16968735,55008
1356,16970801,NA
1357,16861380,826
1358,16861997,7538
1359,16992463,NA
1360,17009233,NA
1361,16674151,60676
1362,16993397,821
1363,17013784,79624
1364,16660906,23585
1365,17117613,55608
1366,17117613,100505494
1367,16682989,1889
1368,17126186,6122
1369,16849556,7077
1370,16856803,4616
1371,16768541,NA
1372,16855180,100124516
1373,16855181,NA
1374,16951795,NA
1375,16834091,3487
1376,16775498,104326189
1377,16790469,NA
1378,17005564,8334
1379,16655009,NA
1380,16996969,653188
1381,16996969,107984064
1382,17045303,83930
1383,16808974,9318
1384,16992314,NA
1385,16889717,NA
1386,16712272,100507347
1387,17006261,3133
1388,17032993,3133
1389,17035115,3133
1390,16938562,7048
1391,16896442,5610
1392,16861193,55851
1393,17125550,55669
1394,17028326,3117
1395,17012125,NA
1396,16675301,5996
1397,17092742,NA
1398,16946173,83850
1399,17030188,3105
1400,17041800,3106
1401,16653503,NA
1402,16678317,NA
1403,17116977,7404
1404,16771555,NA
1405,16894361,10971
1406,16881031,84168
1407,16983765,4883
1408,16857916,NA
1409,16659501,23254
1410,16731068,143903
1411,16856760,NA
1412,16685702,677834
1413,16819064,4313
1414,16885317,NA
1415,16839489,NA
1416,16885078,NA
1417,16707452,NA
1418,17068349,56892
1419,17034254,3106
1420,16655989,NA
1421,17102129,6303
1422,17018387,NA
1423,16755530,NA
1424,16894359,NA
1425,16954063,NA
1426,16839506,NA
1427,16780893,100874375
1428,16946513,7220
1429,17110315,4693
1430,16670401,8338
1431,16793096,80821
1432,16767306,100507195
1433,16847838,NA
1434,16786475,51077
1435,17019516,55168
1436,16971429,NA
1437,16966809,5156
1438,16989380,79770
1439,17057422,677798
1440,17057422,285958
1441,16780909,100885782
1442,16886919,10213
1443,16873997,NA
1444,16770449,NA
1445,16651237,NA
1446,16954057,NA
1447,16788691,767605
1448,17121622,3965
1449,17060287,1577
1450,16721732,677826
1451,16786587,2353
1452,16778392,2308
1453,16771497,NA
1454,17011593,9896
1455,16842266,4239
1456,16654067,NA
1457,17024172,100130476
1458,16970404,2247
1459,16656813,NA
1460,17012262,154214
1461,16966725,NA
1462,16861392,NA
1463,17071440,NA
1464,16877172,9687
1465,16653853,NA
1466,16986913,1462
1467,17121624,3965
1468,17022333,28962
1469,17063536,84255
1470,16686980,NA
1471,16654655,NA
1472,16824572,51704
1473,16939558,1499
1474,16653827,NA
1475,16664445,51727
1476,16861389,NA
1477,16813038,4240
1478,16850923,11031
1479,16904270,439921
1480,16985518,5295
1481,16671874,23208
1482,16656575,NA
1483,16651601,NA
1484,16792499,NA
1485,16973203,NA
1486,16685036,100506144
1487,16743342,79101
1488,17035049,3105
1489,17035049,3136
1490,17035049,3106
1491,16703036,84898
1492,16735823,NA
1493,16773428,NA
1494,16917400,55614
1495,16693651,NA
1496,16958124,83666
1497,16911108,54498
1498,16729548,6234
1499,16953121,6078
1500,17119224,619569
1501,16810962,NA
1502,17125796,NA
1503,17125800,NA
1504,17125894,NA
1505,17122504,541471
1506,17122504,112597
1507,16761212,9976
1508,16980160,8821
1509,16899764,8869
1510,16778713,7178
1511,16705493,26128
1512,16653229,NA
1513,17122400,NA
1514,16843929,NA
1515,17032957,NA
1516,16958972,677797
1517,16943336,55076
1518,16847822,NA
1519,17075789,286133
1520,16768391,1833
1521,16787314,123016
1522,16715476,310
1523,16978624,NA
1524,17017217,NA
1525,16889346,9689
1526,16654875,NA
1527,16919156,NA
1528,17066065,6542
1529,16651013,NA
1530,16778715,7178
1531,16924620,11096
1532,16944724,84925
1533,16748196,374443
1534,16798198,727708
1535,16798198,100033429
1536,16798198,100033428
1537,16798198,100033430
1538,16798198,100033432
1539,16798198,100033433
1540,16798198,692236
1541,16798198,104472715
1542,16798198,100033427
1543,16798198,100033426
1544,16798198,100033431
1545,16798202,727708
1546,16798202,100033429
1547,16798202,104472715
1548,16798202,100033428
1549,16798202,100033430
1550,16798202,100033432
1551,16798202,100033433
1552,16798202,692236
1553,16798202,100033427
1554,16798202,100033426
1555,16798202,100033431
1556,16766283,10728
1557,16880814,4211
1558,16971422,NA
1559,16781080,NA
1560,16809880,102
1561,16919225,26777
1562,16954606,NA
1563,16700456,375061
1564,16700456,100302132
1565,17117752,NA
1566,16992460,NA
1567,17120696,374443
1568,16692846,1513
1569,16770446,NA
1570,16958864,6184
1571,17019728,7941
1572,16904152,22925
1573,16914952,NA
1574,16693530,NA
1575,16890675,3485
1576,17123212,103695433
1577,16788681,767598
1578,17122506,541471
1579,17122506,112597
1580,16674521,5768
1581,16674521,200058
1582,17122858,NA
1583,17118802,6079
1584,17012148,2697
1585,16651137,NA
1586,16760868,6515
1587,17122482,541471
1588,16889714,NA
1589,16873528,645553
1590,16656589,NA
1591,17017979,6890
1592,17027144,6890
1593,17029788,6890
1594,17032476,6890
1595,17034791,6890
1596,17037271,6890
1597,17039977,6890
1598,16735303,283299
1599,16683871,NA
1600,16878947,4052
1601,16773379,51761
1602,16918939,NA
1603,16962911,131578
1604,16916605,56265
1605,16830577,968
1606,16816702,NA
1607,16663808,NA
1608,16735822,NA
1609,16651591,NA
1610,16784381,3958
1611,16835270,NA
1612,16651425,NA
1613,16715241,5660
1614,16655153,NA
1615,16929442,7078
1616,17023239,57515
1617,16867370,56005
1618,16743322,654320
1619,16743322,79101
1620,16864756,2359
1621,16972595,60559
1622,16713318,10135
1623,17123950,6134
1624,16960775,6747
1625,16651597,NA
1626,16850958,147495
1627,16651699,NA
1628,17045399,NA
1629,16992456,8992
1630,16668582,963
1631,16917529,692086
1632,16792954,22795
1633,16656583,NA
1634,16790246,NA
1635,16658582,NA
1636,16865677,NA
1637,16730471,57562
1638,16857926,NA
1639,16718126,1308
1640,16718126,100126326
1641,16922260,3454
1642,17118778,619565
1643,16771491,NA
1644,17006116,NA
1645,17012079,116150
1646,17045291,54749
1647,17094876,7763
1648,17101023,NA
1649,17116949,NA
1650,17123310,5627
1651,17013597,116254
1652,16848123,10351
1653,16707927,728658
1654,16707927,23521
1655,16707927,387841
1656,16707927,644511
1657,16660683,NA
1658,16656365,NA
1659,16856764,NA
1660,16798164,100033426
1661,16968529,5783
1662,17125034,440
1663,16987673,5066
1664,16885189,100151683
1665,17015472,100124533
1666,16858774,811
1667,16705089,80114
1668,17092208,79956
1669,16706630,84293
1670,16946841,11342
1671,17049676,5054
1672,16658575,NA
1673,16788687,767603
1674,17079448,79815
1675,16653723,NA
1676,16798404,100033804
1677,16958081,NA
1678,16660681,NA
1679,17095056,158471
1680,16839602,692208
1681,16954056,NA
1682,16679094,4548
1683,16993422,NA
1684,16988913,NA
1685,17117443,NA
1686,16947343,NA
1687,16711455,NA
1688,16786058,319139
1689,16793024,30001
1690,17113725,3920
1691,16924602,9510
1692,17026109,3105
1693,17027344,3105
1694,16654473,NA
1695,16897112,9581
1696,17105181,NA
1697,17119064,692106
1698,16864162,NA
1699,16774512,NA
1700,16850346,NA
1701,16664003,94161
1702,16737344,25891
1703,16807318,NA
1704,16847826,NA
1705,16946063,4690
1706,17080516,5168
1707,17121820,84669
1708,16996347,100151684
1709,16688937,1486
1710,17070013,157506
1711,16798190,100033427
1712,16652921,NA
1713,16798224,104472715
1714,16903491,390
1715,16667608,64645
1716,16788393,NA
1717,17001654,972
1718,17117849,65065
1719,17117849,6136
1720,16993413,NA
1721,17019056,54210
1722,16798420,100033812
1723,16654665,NA
1724,16971910,59350
1725,16805474,91947
1726,16770448,NA
1727,17057464,641977
1728,16960355,4071
1729,16653689,NA
1730,17072144,64798
1731,16889705,NA
1732,16707009,9060
1733,16960114,5352
1734,16874001,NA
1735,16656593,NA
1736,16893467,NA
1737,16761423,8531
1738,16715361,5033
1739,16807315,NA
1740,17085901,301
1741,16810964,NA
1742,16908197,3488
1743,16722402,NA
1744,17118694,692073
1745,17118694,85028
1746,17046526,677803
1747,17046588,677803
1748,16893471,NA
1749,17099678,100151684
1750,16793678,100750247
1751,16716782,9124
1752,17058812,NA
1753,17031781,3107
1754,16849849,71
1755,16669796,10628
1756,16828518,NA
1757,16674355,6646
1758,16736821,55366
1759,16808793,2200
1760,16660679,NA
1761,16657265,NA
1762,16798246,104472715
1763,17009659,26268
1764,16655813,NA
1765,16691270,7812
1766,17023810,6446
1767,16714536,253430
1768,16960752,9197
1769,17122508,541471
1770,17122508,112597
1771,16967875,25849
1772,16942560,10550
1773,16992458,NA
1774,17045167,NA
1775,16723294,10480
1776,16656187,NA
1777,16735818,NA
1778,17092743,NA
1779,17086540,1514
1780,16919448,10955
1781,16938133,117248
1782,17112623,94121
1783,16992459,NA
1784,16650251,NA
1785,16947287,25976
1786,16812717,53339
1787,16699288,NA
1788,16934586,NA
1789,16880243,NA
1790,16676988,3290
1791,16771474,NA
1792,16653733,NA
1793,17118890,677777
1794,16654661,NA
1795,16993424,NA
1796,16962921,79572
1797,16810967,NA
1798,16771571,NA
1799,17022352,NA
1800,16654475,NA
1801,16951502,NA
