Probe ID,Gene Name,p-value,q-value,Fold Change,Previously Implicated in PE,Winn et al 2007
16656909,---,0.000038,0.1,2.25101,,
16839478,---,0.000129,0.1,2.58161,,
16752014,---,0.000131,0.1,4.75985,,
16939508,---,0.000141,0.1,4.57162,,
16654771,---,0.000178,0.1,2.67764,,
16653757,---,0.000235,0.1,2.02162,,
17013728,MTHFD1L,0.000256,0.1,2.19905,,
16851840,HNRNPA1,0.000279,0.1,2.21868,,
16652863,---,0.000325,0.1,3.47004,,
16885819,OTTHUMG00000154620,0.000428,0.1,2.14249,,
16973830,---,0.000449,0.1,2.05581,,
16653047,---,0.000463,0.1,2.17398,,
17032402,---,0.000479,0.1,2.94315,,
16650441,---,0.000531,0.1,2.38688,,
16767324,SNORA70G,0.000578,0.1,2.22155,,
17100797,---,0.000584,0.1,2.70559,,
16656407,---,0.000608,0.1,2.42266,,
16900480,---,0.000656,0.1,3.52153,,
16803212,SNX33,0.000670,0.1,2.0901,,
16705437,MIR1254-1,0.000684,0.1,3.22808,,
16844292,SNORD124,0.000690,0.1,2.12992,,
16651859,---,0.000727,0.1,3.21181,,
17039221,---,0.000759,0.1,3.3922,,
16974246,---,0.000866,0.1,2.25526,,
16907401,---,0.000896,0.1,2.19021,,
17109109,---,0.000903,0.1,6.30512,,
16998059,ARRDC3,0.000931,0.1,2.37404,,
16790264,---,0.000972,0.1,3.54543,,
16744707,---,0.000972,0.1,2.49508,,
16730503,YAP1,0.001015,0.1,2.10771,,
16650235,---,0.001017,0.1,2.00699,,
16652535,---,0.001044,0.1,2.20806,,
16651625,---,0.001047,0.1,2.47709,,
16790259,---,0.001051,0.1,3.58738,,
17087395,---,0.001080,0.1,2.22113,,
16870399,---,0.001152,0.1,2.45393,,
16819145,CES1P1,0.001152,0.1,2.01326,,
16788677,---,0.001153,0.1,2.35382,,
16958923,---,0.001190,0.1,2.19202,,
16890763,ARPC2,0.001203,0.1,2.29936,,
17034729,---,0.001209,0.1,2.1873,,
16654607,---,0.001213,0.1,2.12689,,
17119804,---,0.001239,0.1,6.11101,,
16867227,---,0.001358,0.1,2.698,,
17017176,---,0.001416,0.1,2.6938,,
16756431,C12orf23,0.001462,0.1,2.01286,,
16866370,WASH5P,0.001500,0.1,2.4388,,
16832319,WSB1,0.001521,0.1,2.29733,,
17119280,---,0.001601,0.1,2.47719,,
16771493,---,0.001634,0.1,2.49548,,
16876334,---,0.001644,0.1,2.25041,,
16867226,---,0.001652,0.1,2.88495,,
16692297,PRKAB2,0.001669,0.1,2.51895,,
16652323,---,0.001683,0.1,2.02514,,
16777272,RNU6-51,0.001705,0.1,3.89129,,
16652125,---,0.001709,0.1,2.13755,,
16788618,SNORD114-2,0.001710,0.1,2.83428,,
16703334,---,0.001721,0.1,2.00763,,
16653777,---,0.001772,0.1,2.31369,,
16655485,---,0.001779,0.1,5.26173,,
16772942,ZMYM2,0.001791,0.1,2.0077,,
16692624,HIST2H2BC,0.001799,0.1,2.97321,,
16651067,---,0.001836,0.1,2.48386,,
17118058,LOC441081,0.001873,0.1,3.11507,,
17118066,LOC441081,0.001873,0.1,3.11507,,
17118104,LOC441081,0.001873,0.1,3.11507,,
17118127,LOC441081,0.001873,0.1,3.11507,,
16788616,SNORD114-1,0.001898,0.1,2.51504,,
16787362,---,0.001912,0.1,2.03332,,
17125722,---,0.001917,0.1,2.10676,,
16839509,---,0.001972,0.1,3.4317,,
16656947,---,0.002085,0.1,4.64896,,
17079288,---,0.002099,0.1,2.23762,,
17092953,---,0.002115,0.1,2.46926,,
16914169,---,0.002143,0.1,2.22346,,
16992343,---,0.002176,0.1,3.59852,,
16934591,---,0.002177,0.1,4.17159,,
16926445,PTTG1IP,0.002188,0.1,2.12906,,✓
17106679,---,0.002208,0.1,2.10715,,
17117586,---,0.002218,0.1,3.13431,,
16653769,---,0.002292,0.1,2.49725,,
17119264,---,0.002321,0.1,2.53786,,
16703854,---,0.002344,0.1,2.51315,,
16692477,NBPF8,0.002357,0.1,3.20902,,
16737017,DCDC5,0.002402,0.1,2.87435,,
17120064,---,0.002424,0.1,2.12583,,
16922036,BACH1,0.002430,0.1,2.27497,,
17045540,---,0.002453,0.1,5.68248,,
16859655,SNORA68,0.002457,0.1,2.83887,,
16771480,---,0.002468,0.1,2.66692,,
16839511,---,0.002477,0.1,3.51408,,
16850759,PTPRM,0.002480,0.1,2.01704,,
17053100,ZNF783,0.002643,0.1,2.15127,,
16917545,---,0.002668,0.1,2.71675,,
17104937,---,0.002681,0.1,2.0604,,
16979779,---,0.002688,0.1,2.66811,,
16778708,---,0.002694,0.1,2.32897,,
16785869,SRSF5,0.002717,0.1,2.26625,,
16976108,---,0.002724,0.1,3.0487,,
16859205,UCA1,0.002759,0.1,2.19386,,
16808717,---,0.002787,0.1,3.52546,,
16788675,---,0.002845,0.1,2.19893,,
16655467,---,0.002861,0.1,2.11101,,
16842468,---,0.002900,0.1,3.28789,,
16783498,---,0.002904,0.1,2.09659,,
17047367,---,0.002911,0.1,2.97969,,
17058392,---,0.002911,0.1,2.97969,,
16706419,---,0.002955,0.1,2.03445,,
16974226,---,0.002986,0.1,2.45143,,
16679945,LOC100996554,0.003041,0.1,2.01948,,
16653817,---,0.003073,0.1,2.12371,,
16653071,---,0.003082,0.1,2.49855,,
16651647,---,0.003094,0.1,2.66123,,
16914779,RNU7-72P,0.003150,0.1,2.81605,,
17023377,---,0.003228,0.1,2.9569,,
16889755,---,0.003244,0.1,2.41107,,
16713708,BMS1P1,0.003256,0.1,2.00235,,
16937024,BHLHE40,0.003289,0.1,2.06128,,
17118218,LOC100272216,0.003290,0.1,2.04098,,
16722392,---,0.003320,0.1,2.61544,,
16656931,---,0.003352,0.1,2.58964,,
16769749,---,0.003383,0.1,2.51932,,
16650129,---,0.003389,0.1,3.01655,,
16822256,LOC729737,0.003436,0.1,2.18718,,
16816599,---,0.003466,0.1,2.63713,,
16824637,---,0.003466,0.1,2.63713,,
16653297,---,0.003516,0.1,3.37431,,
16653399,---,0.003516,0.1,3.37431,,
16788703,SNORD114-31,0.003518,0.1,2.10844,,
16978470,UBE2D3,0.003532,0.1,2.80987,,
16653797,---,0.003543,0.1,2.03769,,
16654273,---,0.003622,0.1,2.77087,,
16704844,TIMM23,0.003627,0.1,2.96968,,
16996941,LOC100272216,0.003685,0.1,2.30102,,
17088059,---,0.003707,0.1,2.01395,,
16922648,TTC3P1,0.003741,0.1,2.19249,,
16995707,---,0.003751,0.1,3.68624,,
16788620,SNORD114-3,0.003764,0.1,3.59875,,
16788669,SNORD114-17,0.003764,0.1,2.86335,,
17117659,LOC100652902,0.003769,0.1,2.53746,,
16706423,---,0.003811,0.1,3.8969,,
16985065,FKSG49,0.003897,0.1,4.13871,,
16788653,SNORD114-9,0.003911,0.1,2.78908,,
16654649,---,0.003933,0.1,5.28579,,
17057478,IGFBP3,0.003935,0.1,7.54499,,
16924153,---,0.003975,0.1,2.10701,,
17068170,ADAM9,0.004038,0.1,2.775,,✓
16651825,---,0.004041,0.1,2.25567,,
16806732,WHAMMP1,0.004048,0.1,3.71021,,
16788390,---,0.004080,0.1,4.00643,,
16651261,---,0.004083,0.1,2.16007,,
16654559,---,0.004091,0.1,2.057,,
16650335,---,0.004162,0.1,2.5577,,
16758874,UBC,0.004185,0.1,2.79306,,
16650325,---,0.004208,0.1,2.29828,,
17121152,---,0.004223,0.1,2.494,,
17115505,FLNA,0.004254,0.1,2.22583,,
17124704,---,0.004271,0.1,3.25559,,
17124096,---,0.004277,0.1,2.29326,,
16655399,---,0.004292,0.1,2.0421,,
16816897,LOC100190986,0.004314,0.1,2.43818,,
16935724,PACSIN2,0.004346,0.1,2.1484,,
16777715,FLT1,0.004418,0.1,2.14247,,
17114567,SNORD61,0.004508,0.1,3.22625,,
16743517,MAML2,0.004520,0.1,2.15798,,
16898394,RAB1A,0.004572,0.1,2.01058,,
16990132,---,0.004581,0.1,5.6861,,
16980768,---,0.004589,0.1,3.38206,,
17119404,---,0.004589,0.1,3.38206,,
16925023,SNORA80,0.004629,0.1,4.63061,,
16902476,MAP3K2,0.004711,0.1,2.22424,,
16947061,MBNL1,0.004725,0.1,2.07323,,
17007842,---,0.004753,0.1,2.28723,,
16704298,---,0.004760,0.1,2.4105,,
16938102,EAF1,0.004785,0.1,2.95308,,
16651657,---,0.004807,0.1,2.89918,,
17121462,---,0.004810,0.1,2.06246,,
16706254,---,0.004821,0.1,2.23878,,
16654201,---,0.004875,0.1,2.06999,,
17120480,---,0.004881,0.1,2.19596,,
16650421,---,0.004895,0.1,2.63415,,
16983200,3,0.004904,0.1,2.33472,,
16764564,LIMA1,0.004926,0.1,2.3414,,
16655175,---,0.004986,0.1,2.40173,,
16888610,COL3A1,0.004995,0.1,2.18268,,✓
16711445,---,0.005018,0.1,3.56095,,
16653779,---,0.005029,0.1,3.89536,,
16867222,---,0.005090,0.1,2.25644,,
17115925,CD99,0.005125,0.1,2.5878,,
16651193,---,0.005135,0.1,3.62215,,
16656597,---,0.005166,0.1,2.21949,,
16998211,TTC37,0.005226,0.1,2.15003,,
16653727,---,0.005230,0.1,2.14192,,
17020317,DST,0.005258,0.1,2.29017,,
16965480,---,0.005300,0.1,2.33906,,
17068633,---,0.005337,0.1,3.25784,,
16671791,MSTO1,0.005365,0.1,2.18709,,
16654765,---,0.005375,0.1,2.28678,,
16655503,---,0.005399,0.1,2.51979,,
17051236,CALU,0.005412,0.1,2.46072,,
16929416,FBXO7,0.005442,0.1,2.32461,,
16993416,---,0.005458,0.1,2.65094,,
16767756,NAP1L1,0.005461,0.1,2.38781,,✓
16805218,LOC100507217,0.005482,0.1,2.33926,,
17025595,SFT2D1,0.005487,0.1,2.18017,,
16887702,ITGA6,0.005512,0.1,2.19678,,
16658579,---,0.005557,0.1,2.9388,,
17067170,BNIP3L,0.005559,0.1,2.32943,,
17046683,RABGEF1,0.005601,0.1,2.21744,,
16656699,---,0.005625,0.1,2.07413,,
17061433,SRPK2,0.005626,0.1,2.04196,,
16787346,OTTHUMG00000170971,0.005686,0.1,2.33939,,
16995254,LMBRD2,0.005709,0.1,2.07772,,
16654763,---,0.005736,0.1,2.39266,,
16802104,---,0.005773,0.1,2.50382,,
16977342,---,0.005787,0.1,2.26355,,
16654083,---,0.005811,0.1,2.37864,,
16688269,SLC35D1,0.005817,0.1,2.96802,,✓
16875074,ZNF611,0.005852,0.1,2.01025,,
17026087,SNORD32B,0.005875,0.1,2.93001,,
17027281,SNORD32B,0.005875,0.1,2.93001,,
17030127,SNORD32B,0.005875,0.1,2.93001,,
17032817,SNORD32B,0.005875,0.1,2.93001,,
17035002,SNORD32B,0.005875,0.1,2.93001,,
17037609,SNORD32B,0.005875,0.1,2.93001,,
16827759,---,0.005902,0.1,2.18543,,
16701317,HNRNPU-AS1,0.005913,0.1,2.43192,,
16914733,ZFAS1,0.005933,0.1,2.07861,,
16989243,UBE2B,0.005937,0.1,2.32454,,
16771445,---,0.005946,0.1,2.32987,,
17104675,---,0.005992,0.1,3.48024,,
16656307,---,0.006029,0.1,3.6524,,
16652821,---,0.006041,0.1,2.0988,,
16756241,KIAA1033,0.006059,0.1,2.16108,,
16654671,---,0.006079,0.1,3.57691,,
16867219,---,0.006108,0.1,2.59632,,
16651673,---,0.006154,0.1,4.0789,,
16666268,RABGGTB,0.006161,0.1,2.18325,,
17122664,---,0.006161,0.1,2.49845,,
16980601,SH3D19,0.006186,0.1,2.09769,,
16656953,---,0.006245,0.1,4.33466,,
16819082,LPCAT2,0.006249,0.1,3.21814,,
17118030,LOC100131826,0.006280,0.1,2.26892,,
16793149,CNIH,0.006282,0.1,2.13137,,
16847996,HELZ,0.006287,0.1,2.15452,,
16695345,COPA,0.006313,0.1,2.06671,,
16825722,SMG1P1,0.006321,0.1,2.03301,,
17119068,---,0.006326,0.1,2.59607,,
17024544,---,0.006403,0.1,2.13495,,
16650143,---,0.006408,0.1,2.04066,,
16652121,---,0.006427,0.1,2.89369,,
16788665,SNORD114-15,0.006563,0.1,2.07167,,
16924979,URB1,0.006579,0.1,2.04913,,
16699778,---,0.006603,0.1,2.30856,,
16701183,---,0.006603,0.1,2.30856,,
17045834,---,0.006603,0.1,2.30856,,
16889636,BMPR2,0.006626,0.1,2.36567,,
16824865,LOC100190986,0.006663,0.1,2.30551,,
16675673,CAMSAP2,0.006716,0.1,2.14723,,
16839515,---,0.006737,0.1,2.14095,,
16839502,---,0.006740,0.1,2.80574,,
16771478,---,0.006743,0.1,2.20589,,
16679650,SCCPDH,0.006759,0.1,2.19066,,
16843906,LOC440434,0.006856,0.1,2.47289,,
16824867,SMG1P1,0.006871,0.1,2.13322,,
17051189,---,0.006871,0.1,2.23997,,
16655601,---,0.006894,0.1,2.30825,,
16849306,---,0.006903,0.1,10.4557,,
16712627,ABI1,0.006911,0.1,2.42255,,
17016390,HIST1H2BG,0.006924,0.1,3.91814,,
17124944,---,0.006958,0.1,2.41222,,
16694357,SNORA42,0.006988,0.1,2.21182,,
16974498,FBXL5,0.007000,0.1,2.17749,,✓
17119728,---,0.007001,0.1,2.82,,
17119148,---,0.007047,0.1,2.1323,,
16653289,---,0.007069,0.1,5.23078,,
16653391,---,0.007069,0.1,5.23078,,
16885802,---,0.007083,0.1,2.18243,,
16657039,---,0.007097,0.1,2.63324,,
16984244,OSMR,0.007149,0.1,2.3663,,
16678343,---,0.007160,0.1,3.74363,,
16788697,SNORD114-28,0.007185,0.1,3.29411,,
16899476,SNAR-H,0.007214,0.1,2.57218,,
16898292,VPS54,0.007279,0.1,2.11095,,
17031857,---,0.007305,0.1,2.00477,,
17034329,---,0.007305,0.1,2.00477,,
17036577,---,0.007305,0.1,2.00477,,
17039370,---,0.007305,0.1,2.00477,,
16790234,---,0.007317,0.1,2.29232,,
16657085,---,0.007336,0.1,3.0671,,
17006066,SNORD32B,0.007380,0.1,2.87565,,
16848888,H3F3B,0.007415,0.1,4.7011,,
17022161,---,0.007457,0.1,3.48506,,
17096728,ABCA1,0.007476,0.1,2.94012,,
16791821,EGLN3,0.007492,0.1,2.39252,,
16693813,ADAR,0.007536,0.1,2.19755,,
17103185,TIMP1,0.007540,0.1,2.62253,,
16654813,---,0.007550,0.1,2.0569,,
16987883,SLC25A46,0.007555,0.1,2.20224,,
16909520,SNORA75,0.007556,0.1,2.97544,,
17044726,---,0.007569,0.1,2.26698,,
17023979,---,0.007593,0.1,2.01637,,
16900526,---,0.007607,0.1,2.28441,,
16702547,OPTN,0.007623,0.1,2.03925,,
17051159,HILPDA,0.007641,0.1,4.22659,,
16984469,---,0.007696,0.1,2.65639,,
17009093,VEGFA,0.007709,0.1,3.81373,,
17117463,LOC100509635,0.007713,0.1,2.1299,✓,
16934596,---,0.007742,0.1,3.23167,,
17080788,FBXO32,0.007764,0.1,2.46458,,
16650255,---,0.007767,0.1,2.3467,,
17119144,---,0.007776,0.1,2.81281,,
16828519,---,0.007801,0.1,3.79026,,
16787464,---,0.007846,0.1,2.18673,,
16867212,EEF2,0.007851,0.1,2.5641,,
16855494,---,0.007865,0.1,2.06623,,
16888865,GLS,0.007909,0.1,2.24029,,
17118726,---,0.007925,0.1,3.31068,,
16965162,CPEB2,0.007926,0.1,2.11651,,
16973871,TMEM128,0.007930,0.1,2.53945,,
17093090,DDX58,0.007937,0.1,2.20783,,
17122454,---,0.007941,0.1,2.02479,,
17117684,---,0.007968,0.1,4.66036,,
16713144,ITGB1,0.008008,0.1,2.34386,,
16831619,---,0.008020,0.1,2.08596,,
16660682,---,0.008026,0.1,2.90227,,
16994992,ZFR,0.008049,0.1,2.09483,,
16657317,---,0.008060,0.1,2.47416,,
16934237,---,0.008071,0.1,2.02166,,
16924551,APP,0.008073,0.1,2.69769,,
17048190,CDK14,0.008082,0.1,2.1763,,
17028041,C6orf48,0.008115,0.1,2.40403,,
16788649,SNORD114-7,0.008124,0.1,2.24293,,
16857934,---,0.008190,0.1,3.29941,,
16658576,---,0.008192,0.1,3.83156,,
17118730,---,0.008193,0.1,2.60286,,
16893461,---,0.008195,0.1,2.6322,,
16653819,---,0.008217,0.1,2.4667,,
16709223,SHOC2,0.008273,0.1,2.20109,,
16735817,---,0.008275,0.1,2.84809,,
16839510,---,0.008288,0.1,2.36609,,
16897448,---,0.008301,0.1,2.01002,,
17120222,---,0.008352,0.1,2.12128,,
16835213,NPEPPS,0.008442,0.1,2.35842,,
16852308,SCARNA17,0.008455,0.1,2.10031,,
16709333,TCF7L2,0.008474,0.1,2.43313,,✓
17119704,---,0.008476,0.1,2.31463,,
17122322,---,0.008493,0.1,2.40926,,
16653755,---,0.008511,0.1,2.09278,,
16653745,---,0.008514,0.1,2.25868,,
16653707,---,0.008516,0.1,2.24003,,
16913572,SNORA60,0.008525,0.1,3.59296,,
17095703,NFIL3,0.008532,0.1,2.35158,,
16867213,---,0.008591,0.1,3.43953,,
16735810,---,0.008594,0.1,2.40457,,
17108528,F8A1,0.008618,0.1,2.40377,,
16702501,---,0.008622,0.1,2.54995,,
16887736,PDK1,0.008659,0.1,2.45215,,
17022388,CD164,0.008678,0.1,2.53406,,
17044692,PRR15,0.008710,0.1,2.01792,,
16981500,---,0.008756,0.1,2.02888,,
16705260,REEP3,0.008768,0.1,2.70123,,
17119488,---,0.008775,0.1,2.47691,,
17082935,ZNF250,0.008796,0.1,2.07787,,
17114829,IDS,0.008917,0.1,2.0495,,
17081401,NDRG1,0.008923,0.1,2.46441,,
16888674,WDR75,0.008935,0.1,2.13161,,
16915868,BIRC7,0.008952,0.1,2.45257,,
17046586,SNORA22,0.008966,0.1,3.48926,,
16870802,ZNF708,0.008975,0.1,2.3417,,
16788683,SNORD114-21,0.008997,0.1,2.22369,,
16830488,POLR2A,0.009000,0.1,2.07699,,
16720085,IFITM1,0.009030,0.1,2.06816,,
16653835,---,0.009080,0.1,2.22649,,
16983451,BASP1,0.009089,0.1,4.72408,,✓
16723246,RCN1,0.009120,0.1,2.13632,,
16822904,SNORA10,0.009124,0.1,2.60245,,
16867217,---,0.009132,0.1,2.77966,,
17122034,---,0.009136,0.1,2.04429,,
17123678,---,0.009183,0.1,2.31258,,
16794511,---,0.009262,0.1,2.08233,,
17068629,---,0.009282,0.1,3.12222,,
16984032,SKP2,0.009295,0.1,2.24834,,✓
16855545,ALPK2,0.009308,0.1,2.11575,,
16655767,---,0.009315,0.1,2.07811,,
17079434,SNORA72,0.009367,0.1,2.16247,,
17079435,---,0.009367,0.1,2.16247,,
16739606,---,0.009391,0.1,2.73191,,
16810329,RPS27L,0.009392,0.1,2.17386,,
17117565,TUBA1A,0.009395,0.1,2.12283,,
17121504,---,0.009415,0.1,2.44292,,
16650451,---,0.009433,0.1,2.18324,,
16714890,HERC4,0.009516,0.1,2.36311,,
16779844,FBXL3,0.009538,0.1,2.11622,,
16816860,SMG1P1,0.009541,0.1,2.00459,,
17123332,---,0.009566,0.1,2.49049,,
16678319,---,0.009594,0.1,23.3007,,
16687985,TM2D1,0.009597,0.1,2.26139,,
17126218,---,0.009622,0.1,3.27307,,
17112996,MORF4L2,0.009634,0.1,2.187,,
16867221,---,0.009639,0.1,2.59763,,
17119610,---,0.009645,0.1,2.20356,,
17095775,IARS,0.009652,0.1,2.40022,,
16954059,---,0.009655,0.1,3.36749,,
17101027,---,0.009698,0.1,2.52465,,
17056244,---,0.009735,0.1,2.92619,,
17068631,---,0.009764,0.1,2.74459,,
16974242,---,0.009766,0.1,2.21591,,
16837298,AMZ2,0.009813,0.1,2.10552,,
16897637,RTN4,0.009862,0.1,2.10648,,
16877836,RAB10,0.009884,0.1,2.01337,,
16758617,---,0.009887,0.1,2.68547,,
16797196,AHNAK2,0.009909,0.1,2.03216,,
17038746,---,0.009957,0.1,2.36492,,
17112184,---,0.009978,0.1,2.2691,,
17098620,---,0.009979,0.1,2.28509,,
17118780,---,0.010012,0.1,2.20835,,
16784883,PCNXL4,0.010014,0.1,2.67574,,
16867228,---,0.010017,0.1,4.20395,,
16769743,---,0.010018,0.1,3.35347,,
17024335,HIVEP2,0.010036,0.1,2.11534,✓,
16654657,---,0.010067,0.1,4.50698,,
17048667,---,0.010079,0.1,2.0329,,
16855475,---,0.010093,0.1,2.46708,,
16653713,---,0.010160,0.1,2.98843,,
16735807,---,0.010164,0.1,2.356,,
17120680,---,0.010206,0.1,4.66346,,
17117619,---,0.010222,0.1,2.12168,,
16830575,SNORD10,0.010224,0.1,5.25348,,
16921475,---,0.010226,0.1,2.17119,,
16810959,---,0.010264,0.1,2.29193,,
17017200,---,0.010378,0.1,3.15999,,
17065899,---,0.010413,0.1,2.01928,,
17074447,---,0.010413,0.1,2.01928,,
16922779,ETS2,0.010439,0.1,2.18894,,
17044800,GARS,0.010458,0.1,2.00046,✓,
16914743,SNORD12B,0.010466,0.1,3.4843,,
16665373,INADL,0.010487,0.1,2.07846,,
16655015,---,0.010494,0.1,2.03873,,
17106493,IL13RA1,0.010528,0.1,2.83565,,
16788083,PAPOLA,0.010540,0.1,2.05802,,
16764102,---,0.010545,0.1,5.61466,,
16855501,---,0.010622,0.1,3.34708,,
17121818,---,0.010636,0.1,2.01165,,
16740333,---,0.010696,0.1,2.22671,,
17126262,---,0.010783,0.1,3.90143,,
16878541,SPDYA,0.010846,0.1,3.10939,,
16722603,LDHA,0.010867,0.1,2.61067,,✓
17046652,---,0.010868,0.1,2.3602,,
16798236,SNORD116-29,0.010888,0.1,2.7464,,
17006306,---,0.010947,0.1,2.70196,,
16849298,MXRA7,0.010973,0.1,4.67916,,
16653687,---,0.011019,0.1,3.14553,,
17002846,DUSP1,0.011040,0.1,3.00642,,
16989955,IGIP,0.011053,0.1,2.05883,,
16788685,SNORD114-22,0.011110,0.1,2.64028,,
17059932,PON2,0.011147,0.1,2.20006,,
16756078,HSP90B1,0.011209,0.1,2.57068,,
17126140,---,0.011217,0.1,4.97189,,
16831928,FBXW10,0.011261,0.1,2.04722,,
17009218,---,0.011286,0.1,4.26832,,
16960111,---,0.011290,0.1,2.62248,,
16769720,---,0.011315,0.1,3.56785,,
16804804,IQGAP1,0.011324,0.1,2.10674,,
17118228,---,0.011364,0.1,3.40439,,
17118232,---,0.011364,0.1,3.40439,,
17118242,---,0.011364,0.1,3.40439,,
17118246,---,0.011364,0.1,3.40439,,
16654637,---,0.011386,0.1,2.70714,,
16860168,ZNF431,0.011394,0.1,2.12577,,
17125622,---,0.011424,0.1,3.87899,,
16921464,LOC644450,0.011429,0.1,2.11997,,
17086074,VPS13A,0.011485,0.1,2.58699,,
16954055,RHOA,0.011491,0.1,2.51194,,
17124702,---,0.011497,0.1,3.17833,,
16971420,---,0.011519,0.1,2.79464,,
16858592,ZNF844,0.011556,0.1,2.19829,,
16654597,---,0.011566,0.1,2.00802,,
16663800,---,0.011576,0.1,3.79384,,
17120596,---,0.011621,0.1,2.39919,,
16688164,JAK1,0.011700,0.1,2.28716,,
16654645,---,0.011721,0.1,7.16622,,
16824548,---,0.011794,0.1,2.2342,,
16904365,IFIH1,0.011795,0.1,2.30704,,
17079248,KIAA1429,0.011906,0.1,2.0588,,
16650331,---,0.011938,0.1,2.10626,,
16900510,---,0.012006,0.1,2.85892,,
17072125,MAL2,0.012016,0.1,2.04543,,
17013468,STXBP5,0.012069,0.1,2.54652,,
16656181,---,0.012119,0.1,3.05349,,
16654157,---,0.012127,0.1,2.18142,,
17109545,GPR64,0.012133,0.1,2.01376,,
16842281,---,0.012138,0.1,2.86175,,
16684898,---,0.012148,0.1,4.35026,,
16904324,FAP,0.012175,0.1,2.07303,,
16712458,DNAJC1,0.012191,0.1,3.2758,,
16755534,---,0.012194,0.1,2.57455,,
16743328,TAF1D,0.012201,0.1,2.34482,,
16692775,MCL1,0.012236,0.1,2.47898,,
16938061,CAPN7,0.012274,0.1,2.10891,,
17121958,---,0.012277,0.1,2.4785,,
16870443,CRLF1,0.012299,0.1,3.94036,,
17124700,---,0.012308,0.1,4.05223,,
17120860,---,0.012321,0.1,4.02885,,
17100793,---,0.012335,0.1,4.98152,,
16990845,---,0.012400,0.1,2.96473,,
17118836,---,0.012418,0.1,2.71483,,
16872223,---,0.012427,0.1,2.33556,,
16821541,CRISPLD2,0.012474,0.1,8.9959,,
17087480,TGFBR1,0.012500,0.1,3.02989,,
16898110,XPO1,0.012517,0.1,2.16659,,
17091695,TUBB4B,0.012548,0.1,2.74719,,
16758622,---,0.012551,0.1,3.88309,,
17104685,---,0.012582,0.1,2.66625,,
16659459,PDPN,0.012582,0.1,2.10022,,
16735820,---,0.012690,0.1,2.19879,,
17084428,UBAP1,0.012700,0.1,2.52195,,
16910070,MIR4441,0.012700,0.1,3.80784,,
16788622,SNORD114-4,0.012766,0.1,2.04365,,
16973315,---,0.012797,0.1,2.15961,,
16651585,---,0.012798,0.1,2.05867,,
16701287,ADSS,0.012841,0.1,2.00215,,
16958236,PTPLB,0.012877,0.1,2.03913,,
17117907,LOC100652902,0.012939,0.1,2.82109,,
16790744,SLC7A8,0.012948,0.1,2.40083,,
16946928,SELT,0.012965,0.1,2.23383,,
16759051,---,0.012994,0.1,2.46627,,
16673056,UAP1,0.013004,0.1,2.7845,,
17017193,---,0.013030,0.1,2.12659,,
16954058,---,0.013032,0.1,2.38808,,
16799492,---,0.013047,0.1,3.14217,,
16735152,TPP1,0.013069,0.1,2.11683,,
16993421,---,0.013095,0.1,2.79435,,
16674805,LAMC1,0.013109,0.1,2.64233,,
16825465,BOLA2,0.013112,0.1,2.56997,,
16650391,---,0.013147,0.1,3.12834,,
17119146,---,0.013153,0.1,2.24061,,
16879764,RHOQ,0.013158,0.1,2.42696,,
16850609,MYL12A,0.013172,0.1,2.12497,,
16755526,---,0.013206,0.1,3.84497,,
16678346,---,0.013222,0.1,2.22157,,
17100893,---,0.013223,0.1,2.77433,,
16753886,---,0.013232,0.1,3.12457,,
16733070,STT3A,0.013237,0.1,2.03026,,
16769724,---,0.013265,0.1,2.36099,,
16703495,RAB18,0.013278,0.1,3.19937,,
17119798,---,0.013280,0.1,2.32854,,
17006299,---,0.013357,0.1,2.77528,,
17124872,---,0.013406,0.1,2.1734,,
16673899,SUCO,0.013414,0.1,2.19035,,
17116194,TTTY15,0.013420,0.1,2.60289,,
16657023,---,0.013425,0.1,9.54373,,
16802389,PIAS1,0.013434,0.1,2.18438,,
16681304,ERRFI1,0.013440,0.1,2.97771,,
17022351,---,0.013465,0.1,34.8187,,
16861384,---,0.013479,0.1,2.36507,,
16751993,HNRNPA1,0.013540,0.1,2.06836,,
16652825,---,0.013566,0.1,2.62433,,
17106357,PLS3,0.013625,0.1,3.03811,,
17125582,---,0.013637,0.1,2.94764,,
16678333,---,0.013667,0.1,2.32321,,
16657181,---,0.013712,0.1,2.01793,,
17050776,---,0.013729,0.1,2.40623,,
17014166,TULP4,0.013880,0.1,2.07345,,
16758612,TMED2,0.013892,0.1,2.04381,,
17006378,TUBB,0.013893,0.1,2.189,,✓
17010343,---,0.013896,0.1,2.1844,,
16810966,---,0.013942,0.1,2.03359,,
16847839,MIR5047,0.014046,0.1,5.60164,,
16847840,---,0.014046,0.1,5.60164,,
16651271,---,0.014048,0.1,2.19296,,
16759262,OTTHUMG00000168342,0.014081,0.1,9.4405,,
16865999,---,0.014139,0.1,3.20713,,
16800630,C15orf48,0.014139,0.1,2.67435,,
16893470,---,0.014149,0.1,3.61155,,
17096546,ALG2,0.014161,0.1,2.04226,,
16650285,---,0.014176,0.1,3.60507,,
16878443,FOSL2,0.014178,0.1,2.56159,,
16651269,---,0.014246,0.1,2.59997,,
17020930,TMEM30A,0.014262,0.1,2.14839,,
17010929,PNRC1,0.014283,0.1,2.25329,,
16733851,IFITM3,0.014283,0.1,2.16727,,
17067190,DPYSL2,0.014408,0.1,2.73693,,
17125580,---,0.014415,0.1,2.69416,,
16900532,---,0.014438,0.1,3.19022,,
17120866,---,0.014515,0.1,9.05244,,
16774405,DNAJC15,0.014534,0.1,2.26169,,
16822889,RPS2,0.014538,0.1,2.4216,,✓
16801850,RAB8B,0.014541,0.1,2.75913,,
16831550,FAM106CP,0.014591,0.1,2.2419,,
17121122,---,0.014592,0.1,2.18515,,
17074071,OTTHUMG00000163653,0.014616,0.1,-2.1737,,
16781059,ANKRD10,0.014650,0.1,2.13386,,
17072979,KHDRBS3,0.014650,0.1,2.4669,,
16808993,---,0.014753,0.1,2.80992,,
16744689,---,0.014786,0.1,6.87378,,
17100621,---,0.014804,0.1,2.73097,,
16905590,FKBP7,0.014811,0.1,2.46953,,✓
16651427,---,0.014858,0.1,2.88714,,
16807931,---,0.014864,0.1,2.31215,,
16909828,COL6A3,0.014876,0.1,3.25171,,✓
16712703,YME1L1,0.014891,0.1,2.3889,,
16651367,---,0.014906,0.1,2.40405,,
16734355,H19,0.014917,0.1,2.48503,,
16685958,FOXJ3,0.014931,0.1,2.06889,,
16763964,SNORA34,0.014945,0.1,2.75313,,
16925135,---,0.014947,0.1,2.43454,,
16653711,---,0.014994,0.1,2.00246,,
16881161,PCYOX1,0.015026,0.1,2.4594,,
16716350,ACTA2,0.015030,0.1,2.40168,,
16855502,---,0.015057,0.1,3.13077,,
16653843,---,0.015063,0.1,2.38649,,
16855493,---,0.015098,0.1,3.13436,,
16869487,---,0.015134,0.1,2.06056,,
16653171,---,0.015134,0.1,2.20286,,
16747954,---,0.015135,0.1,2.2489,,
16945472,---,0.015135,0.1,2.2489,,
16650479,---,0.015156,0.1,2.45819,,
16650703,---,0.015164,0.1,2.02466,,
16681370,ENO1,0.015223,0.1,2.00374,,✓
16752018,---,0.015234,0.1,2.58829,,
16724861,SERPING1,0.015245,0.1,4.3083,,✓
17022035,ASCC3,0.015250,0.1,2.54106,,
17118854,---,0.015261,0.1,2.34261,,
16713057,ARHGAP12,0.015345,0.1,2.03142,,
17095461,ZCCHC6,0.015347,0.1,2.03445,,
16898578,GFPT1,0.015383,0.1,2.12507,,
16653747,---,0.015384,0.1,3.22282,,
16810963,---,0.015390,0.1,2.60533,,
16723326,QSER1,0.015441,0.1,2.01094,,
16855578,LMAN1,0.015490,0.1,2.50139,,
16656015,---,0.015500,0.1,2.47623,,
16653703,---,0.015562,0.1,2.4124,,
16873998,---,0.015595,0.1,2.23484,,
16721681,---,0.015623,0.1,2.63638,,
17026211,TUBB,0.015631,0.1,2.27493,,✓
17030404,TUBB,0.015631,0.1,2.27493,,✓
17033109,TUBB,0.015631,0.1,2.27493,,✓
17035229,TUBB,0.015631,0.1,2.27493,,✓
17037888,TUBB,0.015631,0.1,2.27493,,✓
17040602,TUBB,0.015631,0.1,2.27493,,✓
16699862,MIR4742,0.015667,0.1,2.47764,,
16713760,HNRNPA1P33,0.015669,0.1,3.46906,,
16981266,DDX60L,0.015671,0.1,2.28121,,
16654595,---,0.015679,0.1,2.05386,,
16658939,---,0.015705,0.1,2.10387,,
16654643,---,0.015706,0.1,48.6646,,
16828520,---,0.015707,0.1,2.45481,,
17094586,---,0.015829,0.1,2.06992,,
16731945,ARCN1,0.015831,0.1,2.12843,,
16650751,---,0.015835,0.1,3.06521,,
16726096,RTN3,0.015867,0.1,2.14074,,
17027559,TUBB,0.015883,0.1,2.31278,,✓
16942935,ZNF654,0.015902,0.1,2.32248,,
16856232,FSTL3,0.015964,0.1,2.74879,,
16924268,NRIP1,0.015971,0.1,2.024,,
16706422,---,0.015985,0.1,2.50243,,
16838405,---,0.015994,0.1,2.18975,,
16804409,OTTHUMG00000172206,0.016015,0.1,2.98419,,
16650715,---,0.016021,0.1,2.39991,,
16901427,UXS1,0.016067,0.1,2.04047,,
16656681,---,0.016098,0.1,2.37028,,
16769078,---,0.016113,0.1,2.76601,,
16771470,---,0.016114,0.1,4.40595,,
16797932,---,0.016179,0.1,2.46826,,
16721673,---,0.016209,0.1,2.14181,,
16651653,---,0.016254,0.1,3.76137,,
16913341,MYL9,0.016305,0.1,3.00576,,
16653825,---,0.016306,0.1,4.09556,,
16900452,---,0.016320,0.1,3.06412,,
16816018,MIR365A,0.016339,0.1,2.37011,,
16828841,ZDHHC7,0.016370,0.1,2.1607,,
16796207,DDX24,0.016446,0.1,3.31021,,
16654659,---,0.016462,0.1,662.676,,
16850400,---,0.016530,0.1,2.16852,,
16651225,---,0.016540,0.1,3.09194,,
16835374,NFE2L1,0.016556,0.1,3.85711,,
16747956,---,0.016560,0.1,2.63177,,
16660503,CDC42,0.016608,0.1,2.37713,,
16752028,---,0.016610,0.1,2.43132,,
16702827,TMEM236,0.016624,0.1,2.03708,✓,
16745561,---,0.016658,0.1,3.02434,,
16793067,FERMT2,0.016665,0.1,5.23399,,
17005569,HIST1H1E,0.016677,0.1,2.19403,,
16890473,---,0.016711,0.1,2.48285,,
16653805,---,0.016714,0.1,2.25215,,
16840162,---,0.016715,0.1,2.09269,,
17119262,---,0.016723,0.1,3.15733,,
16977168,CCNI,0.016770,0.1,2.04081,,
16652233,---,0.016813,0.1,2.08579,,
17119258,---,0.016891,0.1,2.95501,,
17118250,---,0.016948,0.1,7.61625,,
16673043,UHMK1,0.016956,0.1,2.2633,,
16815781,---,0.017013,0.1,2.04457,,
16658943,---,0.017064,0.1,3.87931,,
16763280,ZCRB1,0.017084,0.1,2.2056,,
16654815,---,0.017099,0.1,2.69457,,
16861390,---,0.017123,0.1,4.3576,,
16726880,---,0.017124,0.1,7.38664,,
16704182,CSGALNACT2,0.017150,0.1,4.28145,,
16938626,---,0.017181,0.1,2.3687,,
16884703,CBWD1,0.017192,0.1,2.33182,,
17124708,---,0.017227,0.1,2.86441,,
17092969,PLAA,0.017232,0.1,2.13525,,
16729290,TSKU,0.017251,0.1,2.30669,,
16709553,ATRNL1,0.017311,0.1,2.31715,,
16650857,---,0.017323,0.1,2.18128,,
16810954,SNORD18C,0.017329,0.1,2.0398,,
17080486,TNFRSF11B,0.017358,0.1,5.27204,,
17119476,---,0.017413,0.1,2.75443,,
17119630,---,0.017413,0.1,2.75443,,
17121464,---,0.017443,0.1,2.43748,,
16863753,EMP3,0.017454,0.1,3.98141,,
16771558,---,0.017474,0.1,5.42755,,
17125488,---,0.017475,0.1,2.35799,,
16985950,MAP1B,0.017513,0.1,2.68615,,
17125876,---,0.017579,0.1,2.29787,,
17122464,---,0.017592,0.1,2.09853,,
16855492,---,0.017596,0.1,4.51547,,
16894402,ODC1,0.017598,0.1,2.02904,,
17119904,---,0.017605,0.1,2.03232,,
16898108,SNORA70B,0.017609,0.1,2.1183,,
17084932,---,0.017632,0.1,2.53671,,
17014364,IGF2R,0.017650,0.1,2.19902,,
16867215,---,0.017674,0.1,4.25404,,
16849274,ST6GALNAC2,0.017691,0.1,2.63974,,
17004612,DSP,0.017813,0.1,2.43097,,
17080747,---,0.017828,0.1,2.025,,
16994067,---,0.017853,0.1,2.02529,,
16868847,KANK2,0.017900,0.1,2.53325,,
16771432,---,0.017918,0.1,2.50424,,
16847831,---,0.017920,0.1,2.63333,,
16905216,GPR155,0.017993,0.1,2.24256,,
17007884,MAPK14,0.018023,0.1,2.16347,,
17117560,TUBA1B,0.018048,0.1,2.53163,,
16956569,PROS1,0.018123,0.1,2.11057,,
16939469,EIF1B,0.018124,0.1,2.01854,,
17021122,IBTK,0.018143,0.1,2.32611,,
16960186,PLSCR1,0.018174,0.1,2.10224,,
16726891,MALAT1,0.018248,0.1,2.35296,,
17010459,---,0.018282,0.1,3.61578,,
16704088,---,0.018335,0.1,2.15876,,
16822254,---,0.018335,0.1,2.15876,,
16950181,---,0.018335,0.1,2.15876,,
17091901,---,0.018335,0.1,2.15876,,
16679897,---,0.018335,0.1,2.15876,,
16699572,---,0.018335,0.1,2.15876,,
16733806,---,0.018335,0.1,2.15876,,
16866392,---,0.018335,0.1,2.15876,,
16979334,---,0.018335,0.1,2.15876,,
17122920,---,0.018381,0.1,2.36353,,
16697166,EDEM3,0.018400,0.1,2.56582,,
16854268,NPC1,0.018410,0.1,2.03413,,
16744686,---,0.018449,0.1,9.08002,,
16879061,---,0.018456,0.1,2.00469,,
16687487,TMEM59,0.018474,0.1,4.65526,,
16790262,---,0.018501,0.1,16.9628,,
16654561,---,0.018504,0.1,2.50607,,
16855176,---,0.018509,0.1,2.52719,,
17120006,---,0.018520,0.1,2.05253,,
16653589,---,0.018525,0.1,2.32412,,
16823098,---,0.018558,0.1,4.06964,,
17016205,C6orf62,0.018651,0.1,2.42217,,
17046347,OTTHUMG00000156089,0.018768,0.1,2.05544,,
17095336,---,0.018771,0.1,2.63668,,
16999582,---,0.018811,0.1,3.41181,,
17120788,---,0.018822,0.1,2.10599,,
16795192,SPTLC2,0.018861,0.1,2.0858,,
16839495,---,0.018950,0.1,2.14211,,
17059119,SEMA3C,0.018993,0.1,4.02173,,
16767794,OSBPL8,0.019000,0.1,3.04388,,
16992341,---,0.019047,0.1,2.14509,,
16920277,ADNP,0.019053,0.1,2.04201,,
16986552,BHMT2,0.019076,0.1,2.22408,,
16912939,MIR644A,0.019084,0.1,5.15866,,
16774162,NHLRC3,0.019116,0.1,2.80303,,
16915220,RAB22A,0.019149,0.1,2.01374,,
16810612,SPG21,0.019299,0.1,2.09313,,
16654879,---,0.019344,0.1,2.42559,,
16653683,---,0.019356,0.1,2.84625,,
17123694,---,0.019399,0.1,2.903,,
16684385,SNORD103A,0.019442,0.1,2.08776,,
16684387,SNORD103A,0.019442,0.1,2.08776,,
16855182,SNORD58A,0.019446,0.1,2.14662,,
16855183,---,0.019446,0.1,2.14662,,
17106102,COL4A5,0.019446,0.1,2.5376,,
16654885,---,0.019456,0.1,2.4798,,
16973753,ZFYVE28,0.019474,0.1,2.12494,,
16934587,---,0.019482,0.1,2.61713,,
16779085,RCBTB1,0.019504,0.1,3.39258,,
16793559,DHRS7,0.019521,0.1,2.20628,,
16798144,SNORD116-3,0.019547,0.1,3.63782,,
16798154,SNORD116-3,0.019547,0.1,3.63782,,
17044437,---,0.019577,0.1,2.11484,,
17094855,ABHD17B,0.019609,0.1,2.08738,✓,
17121088,---,0.019643,0.1,2.67164,,
17120858,---,0.019646,0.1,4.54575,,
16676183,ATP2B4,0.019767,0.1,3.00307,,
16889741,---,0.019830,0.1,3.05512,,
16767142,TMBIM4,0.019833,0.1,3.16159,,
17069877,---,0.019882,0.1,2.0988,,
16711446,---,0.019933,0.1,2.75133,,
16798152,SNORD116-8,0.019934,0.1,3.66144,,
16654421,---,0.019941,0.1,2.1477,,
16715112,SAR1A,0.019942,0.1,2.20938,,
17123316,---,0.019963,0.1,4.10385,,
16785952,PCNX,0.020050,0.1,2.39502,,
17018396,---,0.020053,0.1,2.49702,,
16793455,---,0.020085,0.1,2.00899,,
17068627,---,0.020111,0.1,2.30498,,
16656013,---,0.020132,0.1,2.54975,,
16788659,SNORD114-12,0.020151,0.1,2.73645,,
17094494,---,0.020160,0.1,2.58667,,
16651361,---,0.020161,0.1,3.60176,,
17081158,---,0.020165,0.1,2.09337,,
16763540,SLC38A2,0.020204,0.1,2.00389,,
17124988,---,0.020272,0.1,3.16013,,
16840691,---,0.020315,0.1,2.6246,,
16693646,---,0.020339,0.1,2.3601,,
16822913,RPS2,0.020373,0.1,2.29537,,✓
16966932,---,0.020398,0.1,3.1942,,
16938763,PDCD6IP,0.020403,0.1,2.25225,,
17121466,---,0.020432,0.1,2.21228,,
16715269,SPOCK2,0.020441,0.1,2.11582,,
16892112,---,0.020451,0.1,3.25821,,
16650587,---,0.020456,0.1,2.09859,,
16660876,---,0.020464,0.1,2.31804,,
16696612,---,0.020480,0.1,2.61456,,
17118734,---,0.020480,0.1,2.61456,,
16851309,GREB1L,0.020484,0.1,2.55221,,
16776052,TM9SF2,0.020512,0.1,2.44055,,
17063534,---,0.020518,0.1,2.09785,,
16655041,---,0.020627,0.1,6.9612,,
16955442,ARF4,0.020634,0.1,2.26492,,
16651211,---,0.020641,0.1,2.13925,,
17008534,TOMM6,0.020696,0.1,2.54577,,
16956954,---,0.020722,0.1,2.35446,,
16668916,---,0.020763,0.1,2.13377,,
16654641,---,0.020796,0.1,7.24053,,
16653809,---,0.020799,0.1,2.34193,,
17118826,---,0.020827,0.1,3.10798,,
16699507,SNORA36B,0.020952,0.1,4.63433,,
17093373,SNORD121A,0.020954,0.1,2.8886,,
16854660,---,0.020989,0.1,2.20125,,
16856203,BSG,0.020992,0.1,2.35615,,
16790233,HNRNPC,0.021056,0.1,2.48729,,
17046640,TPST1,0.021089,0.1,2.77701,,
16855504,---,0.021090,0.1,2.67739,,
16788657,SNORD114-11,0.021091,0.1,2.11947,,
16757710,PEBP1,0.021265,0.1,2.05113,,
16654681,---,0.021276,0.1,2.25124,,
16715133,PPA1,0.021290,0.1,3.6296,,
17071188,MTDH,0.021292,0.1,2.08075,,
16651347,---,0.021293,0.1,3.36485,,
16781352,---,0.021298,0.1,2.34476,,
16922396,SLC5A3,0.021324,0.1,2.48867,,
17095323,---,0.021380,0.1,2.34437,,
16956661,CLDND1,0.021413,0.1,2.28583,,
16867224,---,0.021415,0.1,2.76783,,
17121126,---,0.021458,0.1,2.01687,,
16969344,CISD2,0.021461,0.1,2.17206,,
17118394,OTTHUMG00000019603,0.021504,0.1,3.11206,,
16780917,IRS2,0.021612,0.1,3.31138,,
17124696,---,0.021620,0.1,2.91866,,
17118818,---,0.021622,0.1,5.5709,,
17025297,TCP1,0.021653,0.1,2.16308,,
16753465,XPOT,0.021662,0.1,2.38499,,
17120874,---,0.021671,0.1,2.0835,,
16650309,---,0.021740,0.1,2.12808,,
16711447,---,0.021743,0.1,3.8075,,
16711280,KLF6,0.021743,0.1,3.79088,,
16999072,---,0.021915,0.1,2.17487,,
16808326,PPIP5K1,0.021917,0.1,-2.00462,,
16804333,AKAP13,0.021931,0.1,2.07391,,
16651655,---,0.021946,0.1,2.46951,,
17097308,PTBP3,0.021982,0.1,2.06435,,
17095899,ECM2,0.021993,0.1,2.69402,,
17123390,---,0.022021,0.1,2.83979,,
16913378,RPN2,0.022109,0.1,2.22494,,
17101854,---,0.022138,0.1,3.25697,,
17024285,CITED2,0.022176,0.1,3.43392,,✓
16821691,---,0.022230,0.1,2.06663,,
16651433,---,0.022264,0.1,2.79513,,
16654773,---,0.022280,0.1,2.87943,,
17113980,SMARCA1,0.022328,0.1,2.06725,✓,
16968680,SPP1,0.022331,0.1,5.08006,,✓
16745154,---,0.022340,0.1,2.36121,,
17122298,---,0.022348,0.1,13.3266,,
16892039,PSMD1,0.022349,0.1,2.077,,
16732676,UBASH3B,0.022393,0.1,2.1703,✓,
17118774,---,0.022449,0.1,2.46752,,
16654881,---,0.022487,0.1,2.66401,,
16712274,---,0.022504,0.1,3.82556,,
16948209,PIK3CA,0.022507,0.1,2.0308,,
16972480,CEP44,0.022519,0.1,2.21014,,
16864163,---,0.022582,0.1,2.59911,,
16666013,SRSF11,0.022659,0.1,2.07966,,
16850595,EMILIN2,0.022761,0.1,5.5346,,
16916559,SNORD119,0.022845,0.1,2.23809,,
16685076,SFPQ,0.022849,0.1,2.2335,,
16654647,---,0.022867,0.1,7.51454,,
16911463,BTBD3,0.022894,0.1,4.58021,,
16687875,JUN,0.022960,0.1,6.3965,,
16852771,---,0.023017,0.1,2.78991,,
16795394,SEL1L,0.023023,0.1,2.74998,,
16984755,---,0.023028,0.1,3.19428,,
17119418,---,0.023028,0.1,3.19428,,
16654961,---,0.023065,0.1,2.26205,,
17101677,MOSPD2,0.023083,0.1,2.79235,,
16775856,DNAJC3,0.023147,0.1,2.32341,,
16697243,---,0.023194,0.1,2.06293,,
16753779,RAP1B,0.023258,0.1,2.19471,,
16987720,PPIP5K2,0.023264,0.1,2.0152,✓,
17105047,PGK1,0.023267,0.1,2.21945,,
16826243,ITFG1,0.023281,0.1,2.8014,,
16906000,SESTD1,0.023316,0.1,3.11257,,✓
17122534,---,0.023379,0.1,10.9144,,
16798138,SNORD116-2,0.023385,0.1,2.89161,,
16782187,MMP14,0.023386,0.1,3.90614,,
16897313,CALM2,0.023394,0.1,2.39642,,✓
16924207,HSPA13,0.023469,0.1,2.2866,,
16650371,---,0.023527,0.1,2.11917,,
16994272,SEMA5A,0.023631,0.1,2.67926,,
16877555,RHOB,0.023657,0.1,5.57173,,
16689869,F3,0.023685,0.1,2.89955,,
16966645,---,0.023689,0.1,2.56826,,
17100991,---,0.023689,0.1,2.56826,,
17120990,---,0.023695,0.1,3.55972,,
16801789,TPM1,0.023754,0.1,2.21943,,✓
16798146,SNORD116-5,0.023754,0.1,3.41725,,
16798150,SNORD116-5,0.023754,0.1,3.41725,,
16759200,---,0.023808,0.1,2.20763,,
16798148,SNORD116-6,0.023827,0.1,2.83136,,
16719644,BNIP3,0.023828,0.1,2.39847,,
16965708,---,0.023899,0.1,4.48128,,
16724031,EXT2,0.023931,0.1,2.58846,,
17028037,C6orf48,0.023969,0.1,2.29648,,
16745563,CLMP,0.024061,0.1,3.59468,,
16993409,---,0.024098,0.1,2.80771,,
16652865,---,0.024199,0.1,2.02212,,
16722252,FAR1,0.024247,0.1,2.0628,,
16817090,RBBP6,0.024279,0.1,2.32733,,
16974224,MIR548I1,0.024290,0.1,7.18776,,
17015388,SSR1,0.024308,0.1,2.00108,,
16880001,STON1-GTF2A1L,0.024339,0.1,3.16376,,
16766260,ATP5B,0.024339,0.1,2.44799,,
17116200,USP9Y,0.024340,0.1,2.46569,,
16983456,---,0.024352,0.1,2.67132,,
16994969,MTMR12,0.024376,0.1,2.85448,,
16653725,---,0.024381,0.1,2.21765,,
16654639,---,0.024387,0.1,7.8902,,
16990133,---,0.024388,0.1,2.06434,,
16787114,---,0.024437,0.1,2.58059,,
16770100,VPS29,0.024442,0.1,2.71971,,
16847199,---,0.024452,0.1,5.96533,,
16888367,DNAJC10,0.024469,0.1,2.18982,,
16731492,REXO2,0.024558,0.1,2.55298,,
16934590,---,0.024583,0.1,2.10817,,
16670383,HIST2H2AA4,0.024636,0.1,2.05101,,
17116410,EIF1AY,0.024642,0.1,2.19355,,
16881838,HK2,0.024647,0.1,2.13375,,
16741547,---,0.024648,0.1,2.07671,,
17068617,---,0.024663,0.1,2.40132,,
16985353,ERBB2IP,0.024677,0.1,3.65468,,
16854486,DSC2,0.024710,0.1,2.01139,,
17023799,SLC2A12,0.024722,0.1,5.23382,,
16811816,PTPN9,0.024802,0.1,2.15004,,
16981219,DDX60,0.024812,0.1,2.32702,,
17022356,---,0.024816,0.1,2.10438,,
16877147,---,0.024846,0.1,2.14286,,
16711452,---,0.024913,0.1,2.37777,,
16657177,---,0.024925,0.1,2.09183,,
16735830,---,0.024954,0.1,3.54362,,
16855503,---,0.024971,0.1,2.70769,,
17036745,---,0.024984,0.1,2.16903,,
17039540,---,0.024984,0.1,2.16903,,
17042023,---,0.024984,0.1,2.16903,,
17124454,---,0.024985,0.1,2.90364,,
17121892,---,0.025016,0.1,3.31007,,
17095342,---,0.025032,0.1,2.86947,,
16651967,---,0.025056,0.1,3.80084,,
16652631,---,0.025056,0.1,3.80084,,
16744688,---,0.025087,0.1,3.0072,,
17119086,---,0.025109,0.1,2.82119,,
17120864,---,0.025147,0.1,4.4861,,
17121380,---,0.025157,0.1,2.23113,,
17009760,FAM83B,0.025178,0.1,2.2469,,
16759218,GPR133,0.025255,0.1,3.19782,,
17076009,TMEM66,0.025257,0.1,4.0455,,
16652299,---,0.025289,0.1,2.90434,,
16654695,---,0.025353,0.1,2.96667,,
16698234,FMOD,0.025381,0.1,2.35207,,
16811437,HEXA,0.025419,0.1,2.23799,,
17125574,---,0.025473,0.1,2.91512,,
16674927,RGL1,0.025494,0.1,2.64426,,
17124688,---,0.025527,0.1,2.45649,,
16767052,GNS,0.025527,0.1,3.07892,,
17117867,---,0.025543,0.1,2.22737,,
17012783,---,0.025596,0.1,2.68064,,
17037670,HLA-A,0.025663,0.1,4.47926,,
16908037,FN1,0.025675,0.1,3.15132,,
16660673,RPL11,0.025675,0.1,2.01095,,
16961037,SCARNA7,0.025742,0.1,2.45172,,
16951247,ANKRD28,0.025765,0.1,2.162,,
16946393,RASA2,0.025793,0.1,2.03373,,
16883647,IL1R1,0.025831,0.1,6.57287,,
16834179,EIF1,0.025856,0.1,2.12438,,
16777460,PARP4,0.025899,0.1,4.4989,,
16980918,CTSO,0.025921,0.1,2.51847,,
17118329,---,0.025947,0.1,2.98703,,
17121378,---,0.025958,0.1,2.04064,,
16696504,GAS5,0.026015,0.1,2.02597,,
16869291,SNORD41,0.026021,0.1,7.41389,,
17115971,---,0.026028,0.1,2.05095,,
16880122,SPTBN1,0.026038,0.1,2.49095,,
16995835,---,0.026092,0.1,2.37602,,
16970074,SNORA24,0.026127,0.1,3.21261,,
17118690,---,0.026143,0.1,2.16793,,
16871467,HSPB6,0.026201,0.1,7.6421,,
16752007,---,0.026209,0.1,3.35164,,
16951140,MIR548I1,0.026241,0.1,6.8647,,
16832566,SNORD42A,0.026278,0.1,2.11334,,
16700888,NID1,0.026411,0.1,6.89688,,
16825463,---,0.026422,0.1,2.2833,,
16825533,---,0.026422,0.1,2.2833,,
16825751,---,0.026422,0.1,2.2833,,
16729217,OTTHUMG00000165321,0.026440,0.1,2.14707,,
17017188,---,0.026449,0.1,2.027,,
16676764,CD55,0.026456,0.1,2.63194,,
16873645,SNAR-E,0.026510,0.1,2.01788,,
17119138,---,0.026510,0.1,2.01788,,
17119142,---,0.026510,0.1,2.01788,,
16727217,---,0.026523,0.1,-2.06303,,
17095334,---,0.026553,0.1,2.0337,,
17118277,RPL41,0.026574,0.1,3.36265,,
17118792,---,0.026586,0.1,2.16705,,
16862439,AXL,0.026602,0.1,3.03854,,
17109326,TMEM27,0.026627,0.1,4.6208,,
16809913,---,0.026627,0.1,3.10258,,
16743338,TAF1D,0.026628,0.1,2.158,,
16819450,RSPRY1,0.026714,0.1,2.20029,,
16975345,PDS5A,0.026722,0.1,2.02172,,
17094496,---,0.026751,0.1,2.48402,,
16809457,MYO5A,0.026768,0.1,2.22489,,
16828525,---,0.026849,0.1,4.88937,,
17118930,---,0.026869,0.1,2.41263,,
16847824,---,0.026907,0.1,6.38533,,
16792859,PYGL,0.026977,0.1,2.06524,,
16848721,ATP5H,0.027018,0.1,2.83816,✓,
17119106,---,0.027035,0.1,3.44855,,
16659505,---,0.027124,0.1,2.52529,,
17032027,---,0.027175,0.1,2.14609,,
16798206,SNORD116-20,0.027222,0.1,2.07685,,
16867915,INSR,0.027286,0.1,2.13873,,
17022996,ROS1,0.027425,0.1,2.94934,,
17124130,---,0.027531,0.1,3.00237,,
16869350,DNASE2,0.027538,0.1,2.36455,,
17123388,---,0.027564,0.1,2.67027,,
16993412,---,0.027586,0.1,4.48616,,
17019805,TNFRSF21,0.027602,0.1,2.17747,,✓
16764704,---,0.027726,0.1,3.90298,,
17034497,---,0.027746,0.1,2.17805,,
17120902,---,0.027764,0.1,-2.14853,,
16722400,---,0.027782,0.1,3.09242,,
16889734,---,0.027785,0.1,2.20735,,
17125566,---,0.027792,0.1,3.29603,,
16975310,UGDH,0.027794,0.1,5.4243,,✓
16876667,---,0.027812,0.1,2.58015,,
16847820,DDX5,0.027842,0.1,2.26233,,
16658655,SPSB1,0.027880,0.1,2.24172,,
16934239,---,0.027933,0.1,3.19858,,
16949873,---,0.027934,0.1,2.09989,,
16669481,---,0.028003,0.1,3.14245,,
16691852,---,0.028003,0.1,3.14245,,
17101025,---,0.028003,0.1,3.14245,,
16805190,---,0.028010,0.1,3.02308,,
16735816,---,0.028015,0.1,2.07325,,
17122058,---,0.028046,0.1,3.2476,,
17039299,---,0.028066,0.1,3.63266,,
16653119,---,0.028078,0.1,2.24204,,
17123766,---,0.028189,0.1,3.29508,,
16850896,TWSG1,0.028201,0.1,3.02027,,
16734313,CTSD,0.028204,0.1,3.14909,,
17123306,---,0.028247,0.1,2.55875,,
16655313,---,0.028263,0.1,2.2138,,
17000520,SNORD63,0.028320,0.1,2.05607,,
16987773,OTTHUMG00000162778,0.028320,0.1,2.17053,,
16889704,---,0.028321,0.1,2.14051,,
16902064,SLC35F5,0.028333,0.1,2.06522,,
16758618,---,0.028473,0.1,4.34171,,
16651933,---,0.028475,0.1,2.32404,,
16652597,---,0.028475,0.1,2.32404,,
16805594,MEF2A,0.028489,0.1,2.13596,,
16651623,---,0.028492,0.1,2.33229,,
17125568,---,0.028499,0.1,3.3389,,
16769207,CCDC53,0.028502,0.1,2.10048,,
17032882,HLA-A,0.028508,0.1,2.50142,,
16905371,KIAA1715,0.028521,0.1,3.0224,,
16810884,---,0.028532,0.1,2.542,,
16887179,CERS6,0.028542,0.1,3.57257,,
17046524,---,0.028542,0.1,3.23641,,
16693645,---,0.028545,0.1,2.51432,,
17050591,MET,0.028580,0.1,2.05659,,
16800680,SQRDL,0.028624,0.1,3.32698,,
17044427,---,0.028626,0.1,2.27016,,
16652995,---,0.028675,0.1,2.98598,,
17019208,MRPS10,0.028919,0.1,2.11762,,
17068541,VDAC3,0.028930,0.1,2.27432,,
16975306,---,0.028967,0.1,4.65668,,
17075731,CLU,0.029008,0.1,2.39915,,
16659251,VPS13D,0.029023,0.1,2.01686,,
16935798,SCUBE1,0.029031,0.1,2.48354,,
17085760,MAMDC2,0.029040,0.1,2.25398,,
16769159,GNPTAB,0.029057,0.1,2.02798,,
16855177,---,0.029070,0.1,2.62021,,
16693643,---,0.029106,0.1,3.51882,,
16779958,EDNRB,0.029140,0.1,5.87218,,
16680258,MXRA8,0.029189,0.1,2.04026,,
16882142,TMSB10,0.029193,0.1,2.57978,,
16816895,---,0.029230,0.1,2.24722,,
16824899,---,0.029230,0.1,2.24722,,
16824980,---,0.029230,0.1,2.24722,,
17072162,COL14A1,0.029244,0.1,3.99238,,
16794257,---,0.029284,0.1,2.89392,,
16716983,TM9SF3,0.029325,0.1,2.19402,,
16999584,---,0.029329,0.1,4.47165,,
16800105,---,0.029354,0.1,2.05615,,
16855172,---,0.029397,0.1,2.7821,,
17059628,CYP51A1,0.029419,0.1,2.56218,,
16676893,CD46,0.029430,0.1,2.15169,,
16758615,---,0.029502,0.1,4.15796,,
16788661,SNORD114-13,0.029530,0.1,2.23659,,
16651577,---,0.029664,0.1,2.40431,,
16771466,---,0.029758,0.1,2.14674,,
16684080,IFI6,0.029768,0.1,7.40438,,
16748205,CLEC2D,0.029777,0.1,3.18459,,
16651821,---,0.029805,0.1,2.09872,,
16716507,PPP1R3C,0.029841,0.1,2.2677,,
16725908,SNORA57,0.029914,0.1,2.783,,
17126192,---,0.029961,0.1,2.10626,,
16739208,FTH1,0.030068,0.1,2.21094,,
16706257,---,0.030099,0.1,3.01213,,
16955994,FAM19A4,0.030134,0.1,2.10937,,
17123308,---,0.030149,0.1,2.8359,,
17065933,---,0.030170,0.1,2.07954,,
16656639,---,0.030180,0.1,2.88367,,
16693272,S100A10,0.030215,0.1,2.56329,,✓
17063480,PARP12,0.030227,0.1,2.41204,,
17120870,---,0.030251,0.1,2.05334,,
16887589,CYBRD1,0.030281,0.1,2.56686,,
17089113,---,0.030285,0.1,10.2244,,
16900800,---,0.030312,0.1,2.07929,,
16815704,OTTHUMG00000170520,0.030323,0.1,2.31835,,
17059771,SAMD9,0.030375,0.1,6.37244,,
16818927,CHD9,0.030430,0.1,2.10167,,
17027443,HLA-E,0.030435,0.1,3.32018,,
17030288,HLA-E,0.030435,0.1,3.32018,,
17037774,HLA-E,0.030435,0.1,3.32018,,
17040488,HLA-E,0.030435,0.1,3.32018,,
16852369,SMAD4,0.030480,0.1,2.00642,,
16977251,ANTXR2,0.030510,0.1,3.36287,,
16838101,SNORD1B,0.030531,0.1,3.8072,,
16737102,---,0.030533,0.1,2.41473,,
16656569,---,0.030605,0.1,2.01681,,
17120888,---,0.030626,0.1,2.72546,,
16883690,IL1RL1,0.030632,0.1,16.4122,,
16769738,---,0.030638,0.1,2.20908,,
16977094,SCARB2,0.030670,0.1,2.39189,,
16900453,---,0.030715,0.1,5.97789,,
16702767,VIM,0.030722,0.1,5.39665,,
16815711,---,0.030737,0.1,2.03651,,
17061881,DOCK4,0.030742,0.1,2.31316,,
16830573,SNORA48,0.030787,0.1,5.48691,,
16947026,AADACL2,0.030819,0.1,3.09223,,
16983373,FAM105A,0.030825,0.1,7.62684,,
16938724,FBXL2,0.030831,0.1,2.07797,,
16847832,---,0.030838,0.1,2.20134,,
16788574,SNORD113-2,0.030899,0.1,2.09384,,
16914745,SNORD12,0.031080,0.1,2.8821,,
16934340,---,0.031101,0.1,8.94283,,
17024374,FUCA2,0.031214,0.1,2.35354,,
17046545,---,0.031273,0.1,3.47519,,
16733435,APLP2,0.031299,0.1,2.63455,,
17044007,---,0.031319,0.1,5.29804,,
17098411,HSPA5,0.031379,0.1,2.29425,,
17012313,NCOA7,0.031418,0.1,2.22707,,
16816174,---,0.031441,0.1,2.12865,,
16816369,---,0.031441,0.1,2.12865,,
16824125,---,0.031441,0.1,2.12865,,
16824347,---,0.031441,0.1,2.12865,,
16654613,---,0.031481,0.1,2.13153,,
17112316,MAGT1,0.031491,0.1,2.88989,,
16906534,STAT1,0.031494,0.1,3.13231,,
16968735,HERC6,0.031545,0.1,2.62209,,
16970801,---,0.031564,0.1,2.1709,,
16861380,CAPNS1,0.031567,0.1,2.38299,,
16861997,ZFP36,0.031575,0.1,3.34196,,
16992463,---,0.031725,0.1,3.48679,,
17009233,---,0.031755,0.1,3.0404,,
16674151,PAPPA2,0.031779,0.1,2.09726,,
16993397,CANX,0.031849,0.1,2.17319,,
17013784,C6orf211,0.031850,0.1,2.96779,,
16660906,TMEM50A,0.031857,0.1,2.02417,,
17117613,ANKRD10,0.031864,0.1,3.69535,,
16682989,ECE1,0.031878,0.1,2.33104,,
17126186,---,0.031880,0.1,2.0135,,
16849556,TIMP2,0.031908,0.1,2.14844,,
16856803,GADD45B,0.031954,0.1,2.13551,,
16768541,---,0.031992,0.1,2.1403,,
16855180,SNORD58C,0.032009,0.1,2.91439,,
16855181,---,0.032009,0.1,2.91439,,
16951795,---,0.032063,0.1,2.47457,,
16834091,IGFBP4,0.032079,0.1,11.251,,
16775498,OTTHUMG00000017094,0.032151,0.1,4.73049,,
16790469,---,0.032155,0.1,6.20998,,
17005564,HIST1H2AC,0.032225,0.1,2.00377,,
16655009,---,0.032228,0.1,2.20513,,
16996969,---,0.032359,0.1,4.61147,,
17045303,STARD3NL,0.032373,0.1,2.12303,,
16808974,COPS2,0.032377,0.1,2.36944,,
16992314,---,0.032415,0.1,2.16026,,
16889717,---,0.032488,0.1,2.28059,,
16712272,VIM-AS1,0.032496,0.1,2.25752,,
17006261,HLA-E,0.032544,0.1,3.22446,,
17032993,HLA-E,0.032544,0.1,3.22446,,
17035115,HLA-E,0.032544,0.1,3.22446,,
16938562,TGFBR2,0.032574,0.1,2.02113,,
16896442,EIF2AK2,0.032635,0.1,2.06445,,
16861193,PSENEN,0.032669,0.1,2.17238,,
17125550,---,0.032684,0.1,2.10432,,
17028326,HLA-DQA1,0.032703,0.1,2.25966,,
17012125,---,0.032772,0.1,2.07889,,
16675301,RGS1,0.032782,0.1,4.90243,,
17092742,---,0.032803,0.1,2.42807,,
16946173,ESYT3,0.032820,0.1,2.14616,,
17030188,HLA-A,0.032879,0.1,4.54367,,
17041800,---,0.032929,0.1,3.41807,,
16653503,---,0.032960,0.1,2.00475,,
16678317,---,0.032969,0.1,2.16401,,
17116977,UTY,0.032971,0.1,2.60126,,
16771555,---,0.033017,0.1,-2.3402,,
16894361,YWHAQ,0.033025,0.1,2.55282,,
16881031,ANTXR1,0.033065,0.1,7.03751,,
16983765,NPR3,0.033066,0.1,13.4204,,
16857916,---,0.033123,0.1,2.11514,,
16659501,---,0.033174,0.1,2.46002,,
16731068,LAYN,0.033198,0.1,2.05113,,
16856760,---,0.033265,0.1,3.7539,,
16685702,SNORA55,0.033280,0.1,3.20314,,
16819064,MMP2,0.033299,0.1,21.3489,,
16885317,---,0.033374,0.1,2.26532,,
16839489,---,0.033408,0.1,2.37725,,
16885078,---,0.033507,0.1,2.01192,,
16707452,---,0.033561,0.1,2.29433,,
17068349,C8orf4,0.033627,0.1,2.00944,,
17034254,---,0.033631,0.1,3.80821,,
16655989,---,0.033655,0.1,2.37505,,
17102129,SAT1,0.033668,0.1,2.03239,,
17018387,---,0.033817,0.1,2.09862,,
16755530,---,0.033826,0.1,3.68828,,
16894359,---,0.033881,0.1,2.25659,,
16954063,---,0.033895,0.1,5.30813,,
16839506,---,0.033908,0.1,2.07038,,
16780893,---,0.033949,0.1,2.09039,,
16946513,TRPC1,0.033954,0.1,2.13053,,
17110315,NDP,0.033961,0.1,11.6879,,
16670401,HIST2H2AC,0.034056,0.1,2.37229,,
16793096,DDHD1,0.034093,0.1,4.43384,,
16767306,OTTHUMG00000169139,0.034143,0.1,2.04856,,
16847838,---,0.034191,0.1,3.31268,,
16786475,FCF1,0.034328,0.1,2.05992,,
17019516,MRPS18A,0.034344,0.1,2.47214,,
16971429,---,0.034538,0.1,3.2909,,
16966809,PDGFRA,0.034546,0.1,3.32392,,
16989380,TXNDC15,0.034616,0.1,2.47866,,
17057422,SNORA9,0.034633,0.1,3.01671,,
16780909,---,0.034643,0.1,4.01046,,
16886919,PSMD14,0.034653,0.1,2.027,,
16873997,---,0.034685,0.1,2.04766,,
16770449,---,0.034704,0.1,2.64453,,
16651237,---,0.034742,0.1,2.87037,,
16954057,---,0.034853,0.1,2.2277,,
16788691,SNORD114-25,0.034884,0.1,5.3763,,
17121622,---,0.034969,0.1,2.21454,,
17060287,CYP3A5,0.034995,0.1,68.1057,,
16721732,SNORA45,0.035033,0.1,2.27332,,
16786587,FOS,0.035042,0.1,2.07377,,
16778392,FOXO1,0.035075,0.1,2.45786,,
16771497,---,0.035098,0.1,2.23866,,
17011593,FIG4,0.035122,0.1,2.40656,,
16842266,MFAP4,0.035153,0.1,7.62908,,✓
16654067,---,0.035311,0.1,2.02788,,
17024172,LOC100130476,0.035368,0.1,2.33559,,
16970404,FGF2,0.035377,0.1,4.92943,,
16656813,---,0.035388,0.1,2.00518,,
17012262,RNF217,0.035395,0.1,2.09497,,
16966725,---,0.035396,0.1,2.43638,,
16861392,---,0.035430,0.1,5.92027,,
17071440,---,0.035461,0.1,2.62638,,
16877172,GREB1,0.035484,0.1,33.3325,,
16653853,---,0.035644,0.1,2.57289,,
16986913,VCAN,0.035746,0.1,28.0606,,
17121624,---,0.035770,0.1,2.21998,,
17022333,OSTM1,0.035780,0.1,2.1647,,
17063536,SLC37A3,0.035787,0.1,2.38207,,
16686980,---,0.035811,0.1,2.55181,,
16654655,---,0.035811,0.1,3.71857,,
16824572,GPRC5B,0.035819,0.1,7.69716,,
16939558,CTNNB1,0.035819,0.1,2.15981,,
16653827,---,0.035828,0.1,2.34752,,
16664445,CMPK1,0.035907,0.1,2.23133,,
16861389,---,0.035910,0.1,3.03614,,
16813038,MFGE8,0.035953,0.1,2.75772,,
16850923,RAB31,0.036057,0.1,8.00169,,✓
16904270,---,0.036154,0.1,5.1386,,
16985518,PIK3R1,0.036193,0.1,2.61615,,
16671874,SYT11,0.036202,0.1,3.4749,✓,
16656575,---,0.036205,0.1,2.25309,,
16651601,---,0.036236,0.1,2.01861,,
16792499,---,0.036308,0.1,2.45456,,
16973203,---,0.036347,0.1,2.06777,,
16685036,ZMYM6NB,0.036349,0.1,2.20907,,
16743342,TAF1D,0.036381,0.1,2.55978,,
17035049,HLA-A,0.036520,0.1,4.04687,,
16703036,PLXDC2,0.036653,0.1,3.06467,,
16735823,---,0.036659,0.1,2.16853,,
16773428,---,0.036727,0.1,9.07556,,
16917400,KIF16B,0.036731,0.1,2.02462,,
16693651,---,0.036784,0.1,2.8719,,
16958124,PARP9,0.036865,0.1,2.10178,,
16911108,SMOX,0.036883,0.1,3.42293,,
16729548,RPS28,0.036887,0.1,2.50997,✓,
16953121,SNORD13P3,0.036898,0.1,2.35907,,
17119224,---,0.036934,0.1,2.81609,,
16810962,---,0.036962,0.1,2.31914,,
17125796,---,0.037030,0.1,2.14905,,
17125800,---,0.037030,0.1,2.14905,,
17125894,---,0.037030,0.1,2.14905,,
17122504,---,0.037131,0.1,2.79481,,
16761212,CLEC2B,0.037181,0.1,2.69726,,
16980160,INPP4B,0.037234,0.1,2.0074,,
16899764,ST3GAL5,0.037262,0.1,2.51292,,
16778713,---,0.037330,0.1,4.08502,,
16705493,KIAA1279,0.037380,0.1,2.00291,,
16653229,---,0.037385,0.1,2.09468,,
17122400,---,0.037419,0.1,-4.20966,,
16843929,---,0.037446,0.1,3.82838,,
17032957,HLA-L,0.037495,0.1,3.12324,,
16958972,SNORA7B,0.037508,0.1,2.15963,,
16943336,TMEM45A,0.037569,0.1,10.474,,
16847822,---,0.037774,0.1,2.08429,,
17075789,SCARA5,0.037778,0.1,6.22774,,
16768391,EPYC,0.037868,0.1,4.03693,,
16787314,TTC8,0.037874,0.1,3.6698,,
16715476,ANXA7,0.037903,0.1,2.26223,,
16978624,---,0.037910,0.1,2.3488,,
17017217,---,0.037914,0.1,2.22175,,
16889346,BZW1,0.037932,0.1,2.41738,,
16654875,---,0.038008,0.1,2.45136,,
16919156,---,0.038051,0.1,2.53889,,
17066065,SLC7A2,0.038133,0.1,2.30455,,✓
16651013,---,0.038220,0.1,2.04666,,
16778715,TPT1,0.038234,0.1,2.69548,,
16924620,ADAMTS5,0.038308,0.1,5.78689,,✓
16944724,DIRC2,0.038332,0.1,2.56124,,
16748196,LOC374443,0.038452,0.1,3.63553,,
16798198,SNORD116-17,0.038524,0.1,2.25349,,
16798202,SNORD116-17,0.038524,0.1,2.25349,,
16766283,PTGES3,0.038548,0.1,2.07452,,
16880814,MEIS1,0.038615,0.1,2.09492,,
16971422,---,0.038640,0.1,2.86274,,
16781080,ANKRD10-IT1,0.038714,0.1,2.77792,,
16809880,ADAM10,0.038720,0.1,2.12651,,
16919225,SNORA71A,0.038774,0.1,2.51943,,
16954606,---,0.038843,0.1,2.00964,,
16700456,FAM89A,0.038878,0.1,3.22501,,
17117752,---,0.038954,0.1,25.7069,,
16992460,---,0.038972,0.1,4.44127,,
17120696,---,0.039113,0.1,3.0637,,
16692846,CTSK,0.039121,0.1,13.3278,,
16770446,---,0.039159,0.1,14.8683,,
16958864,RPN1,0.039292,0.1,2.26051,,
17019728,PLA2G7,0.039348,0.1,5.60175,,✓
16904152,PLA2R1,0.039456,0.1,3.86852,,
16914952,---,0.039547,0.1,2.16085,,
16693530,---,0.039553,0.1,2.16652,,
16890675,IGFBP2,0.039584,0.1,4.12431,,
17123212,---,0.039585,0.1,2.07925,,
16788681,SNORD114-20,0.039661,0.1,4.61485,,
17122506,---,0.039667,0.1,2.15067,,
16674521,QSOX1,0.039715,0.1,2.32393,,
17122858,---,0.039723,0.1,2.01223,,
17118802,---,0.039786,0.1,2.02743,,
17012148,GJA1,0.039818,0.1,20.7705,,✓
16651137,---,0.039881,0.1,5.43485,,
16760868,SLC2A3,0.040037,0.1,2.26084,,
17122482,---,0.040190,0.1,2.29909,,
16889714,---,0.040268,0.1,2.00415,,
16873528,---,0.040332,0.1,2.05647,,
16656589,---,0.040345,0.1,2.60678,,
17017979,TAP1,0.040386,0.1,2.11626,,
17027144,---,0.040386,0.1,2.11626,,
17029788,---,0.040386,0.1,2.11626,,
17032476,---,0.040386,0.1,2.11626,,
17034791,---,0.040386,0.1,2.11626,,
17037271,---,0.040386,0.1,2.11626,,
17039977,---,0.040386,0.1,2.11626,,
16735303,LOC283299,0.040423,0.1,2.02868,,
16683871,---,0.040501,0.1,2.33101,,
16878947,LTBP1,0.040581,0.1,3.38065,,
16773379,ATP8A2,0.040616,0.1,5.91045,,
16918939,---,0.040647,0.1,2.14008,,
16962911,LRRC15,0.040662,0.1,20.5218,,
16916605,CPXM1,0.040723,0.1,12.9265,,
16830577,CD68,0.040733,0.1,28.678,,
16816702,---,0.040809,0.1,2.14037,,
16663808,---,0.040834,0.1,2.95288,,
16735822,---,0.040915,0.1,2.86915,,
16651591,---,0.041002,0.1,-2.12673,,
16784381,LGALS3,0.041076,0.1,3.90894,,✓
16835270,---,0.041197,0.1,3.77811,,
16651425,---,0.041266,0.1,3.0949,,
16715241,PSAP,0.041286,0.1,4.14363,,
16655153,---,0.041289,0.1,2.38868,,
16929442,TIMP3,0.041331,0.1,2.72627,,
17023239,SERINC1,0.041428,0.1,3.49497,,
16867370,C19orf10,0.041447,0.1,2.73485,,
16743322,SNORA8,0.041509,0.1,2.31859,,
16864756,FPR3,0.041514,0.1,2.16462,,
16972595,SPCS3,0.041519,0.1,2.02677,,
16713318,NAMPT,0.041543,0.1,2.41078,,
17123950,---,0.041545,0.1,3.40854,,
16960775,SSR3,0.041546,0.1,2.35018,,
16651597,---,0.041573,0.1,2.44766,,
16850958,APCDD1,0.041623,0.1,4.17867,,
16651699,---,0.041628,0.1,2.12845,,
17045399,---,0.041690,0.1,2.08222,,
16992456,ATP6V0E1,0.041698,0.1,4.12217,,
16668582,CD53,0.041707,0.1,2.03026,,
16917529,SNORD17,0.041720,0.1,2.93829,,
16792954,NID2,0.041782,0.1,12.6999,,✓
16656583,---,0.041995,0.1,2.81385,,
16790246,---,0.042069,0.1,3.94507,,
16658582,---,0.042069,0.1,2.72547,,
16865677,---,0.042079,0.1,3.67187,,
16730471,KIAA1377,0.042115,0.1,2.15359,,
16857926,---,0.042130,0.1,2.76183,,
16718126,COL17A1,0.042281,0.1,2.41112,✓,
16922260,IFNAR1,0.042437,0.1,2.15514,,
17118778,---,0.042488,0.1,2.05569,,
16771491,---,0.042520,0.1,1605.5,,
17006116,---,0.042585,0.1,2.35573,,
17012079,NUS1,0.042690,0.1,2.05069,,
17045291,EPDR1,0.042772,0.1,2.65963,,
17094876,ZFAND5,0.042961,0.1,2.04057,,
17101023,---,0.043137,0.1,2.01364,,
17116949,---,0.043137,0.1,2.01364,,
17123310,---,0.043148,0.1,5.50905,,
17013597,GINM1,0.043152,0.1,2.62821,,
16848123,ABCA8,0.043166,0.1,3.60523,,
16707927,RPL13AP5,0.043172,0.1,2.49686,,
16660683,---,0.043215,0.1,4.06361,,
16656365,---,0.043223,0.1,2.19869,,
16856764,---,0.043254,0.1,6.55255,,
16798164,SNORD116-14,0.043271,0.1,2.18026,,
16968529,PTPN13,0.043292,0.1,14.5172,,
17125034,---,0.043321,0.1,2.04031,,
16987673,PAM,0.043334,0.1,2.21107,,
16885189,RNU4ATAC,0.043336,0.1,3.05648,,
17015472,SCARNA27,0.043403,0.1,2.08349,,
16858774,CALR,0.043514,0.1,2.34379,,
16705089,BICC1,0.043552,0.1,2.15657,,
17092208,ERMP1,0.043576,0.1,4.96378,,
16706630,FAM213A,0.043596,0.1,2.01991,,
16946841,RNF13,0.043634,0.1,2.99202,,
17049676,SERPINE1,0.043781,0.1,2.28616,,
16658575,---,0.043832,0.1,3.00435,,
16788687,SNORD114-23,0.043865,0.1,2.0432,,
17079448,NIPAL2,0.043919,0.1,2.5339,,
16653723,---,0.043922,0.1,2.94613,,
16798404,SNORD115-30,0.043972,0.1,8.44215,,
16958081,---,0.044014,0.1,2.21039,,
16660681,---,0.044045,0.1,3.06472,,
17095056,PRUNE2,0.044064,0.1,13.9029,,
16839602,SNORD91B,0.044067,0.1,2.70846,✓,
16954056,---,0.044129,0.1,18.7922,,
16679094,MTR,0.044189,0.1,2.39723,,
16993422,---,0.044230,0.1,5.28549,,
16988913,---,0.044242,0.1,2.23382,,
17117443,---,0.044249,0.1,2.2474,,
16947343,---,0.044327,0.1,2.0727,,
16711455,---,0.044368,0.1,2.34722,,
16786058,SNORD56B,0.044374,0.1,2.26452,,
16793024,ERO1L,0.044377,0.1,2.11242,,
17113725,LAMP2,0.044379,0.1,3.10126,,
16924602,ADAMTS1,0.044387,0.1,2.58447,,
17026109,HLA-A,0.044392,0.1,2.43619,,
17027344,HLA-A,0.044392,0.1,2.43619,,
16654473,---,0.044456,0.1,2.69332,,
16897112,PREPL,0.044491,0.1,2.30948,,
17105181,---,0.044605,0.1,2.20619,,
17119064,---,0.044642,0.1,2.06791,,
16864162,---,0.044648,0.1,2.4557,,
16774512,TPT1,0.044760,0.1,2.98602,,
16850346,---,0.044827,0.1,2.12602,,
16664003,SNORD46,0.044865,0.1,3.25084,,
16737344,PAMR1,0.044867,0.1,13.5625,,
16807318,---,0.044898,0.1,3.29587,,
16847826,---,0.044902,0.1,3.82519,,
16946063,NCK1,0.045005,0.1,2.3219,,
17080516,ENPP2,0.045064,0.1,39.0363,,
17121820,---,0.045143,0.1,2.15171,,
16996347,RNU6ATAC,0.045165,0.1,2.13493,,
16688937,CTBS,0.045175,0.1,5.1395,,
17070013,RDH10,0.045264,0.1,3.64637,,
16798190,SNORD116-15,0.045265,0.1,2.31252,,
16652921,---,0.045371,0.1,2.8017,,
16798224,SNRPN,0.045382,0.1,2.67877,,
16903491,RND3,0.045387,0.1,2.84011,,✓
16667608,HIAT1,0.045403,0.1,2.03662,,
16788393,---,0.045424,0.1,2.4084,,
17001654,CD74,0.045425,0.1,2.29151,,
17117849,RPL12,0.045456,0.1,2.511,,✓
16993413,---,0.045498,0.1,7.14581,,
17019056,TREM1,0.045564,0.1,2.97726,,
16798420,SNORD115-38,0.045567,0.1,5.42626,,
16654665,---,0.045575,0.1,3.57497,,
16971910,RXFP1,0.045673,0.1,13.4528,,
16805474,ARRDC4,0.045683,0.1,2.35572,,
16770448,---,0.045743,0.1,2.37284,,
17057464,SEPT7P2,0.045857,0.1,2.55985,,
16960355,TM4SF1,0.045970,0.1,17.2998,,
16653689,---,0.046015,0.1,2.84543,,
17072144,DEPTOR,0.046053,0.1,2.55426,,
16889705,---,0.046087,0.1,3.11041,,
16707009,PAPSS2,0.046175,0.1,2.92395,,
16960114,PLOD2,0.046186,0.1,2.5238,,✓
16874001,---,0.046186,0.1,2.23606,,
16656593,---,0.046257,0.1,2.54275,,
16893467,---,0.046335,0.1,4.96476,,
16761423,YBX3,0.046441,0.1,2.44932,,
16715361,P4HA1,0.046551,0.1,2.75571,,✓
16807315,---,0.046588,0.1,2.98456,,
17085901,ANXA1,0.046647,0.1,2.23355,,
16810964,---,0.046710,0.1,2.49651,,
16908197,IGFBP5,0.046741,0.1,15.9728,,
16722402,---,0.046771,0.1,2.23105,,
17118694,---,0.046795,0.1,2.451,,
17046526,SNORA15,0.046964,0.1,3.2765,,
17046588,SNORA15,0.046964,0.1,3.2765,,
16893471,---,0.046966,0.1,2.17491,,
17099678,RNU6ATAC,0.047144,0.1,2.17096,,
16793678,HIF1A-AS2,0.047169,0.1,2.0989,,
16716782,PDLIM1,0.047175,0.1,4.58497,,✓
17058812,POLR2J4,0.047176,0.1,2.75674,,
17031781,---,0.047248,0.1,2.69751,,
16849849,ACTG1,0.047254,0.1,9.14437,,
16669796,TXNIP,0.047423,0.1,18.5545,,
16828518,---,0.047535,0.1,2.14469,,
16674355,SOAT1,0.047618,0.1,17.5304,,
16736821,LGR4,0.047709,0.1,7.44664,,
16808793,FBN1,0.047753,0.1,3.33265,,
16660679,---,0.047778,0.1,2.99873,,
16657265,---,0.047780,0.1,2.94873,,
16798246,SNRPN,0.047856,0.1,2.34753,,
17009659,FBXO9,0.047940,0.1,2.08092,,
16655813,---,0.047953,0.1,2.00602,,
16691270,CSDE1,0.048024,0.1,2.22251,,
17023810,SGK1,0.048050,0.1,2.16588,,
16714536,IPMK,0.048095,0.1,2.33249,,
16960752,SLC33A1,0.048106,0.1,2.8061,,
17122508,---,0.048111,0.1,2.02653,,
16967875,PARM1,0.048133,0.1,10.7474,,
16942560,ARL6IP5,0.048303,0.1,2.50611,,
16992458,---,0.048306,0.1,6.44404,,
17045167,---,0.048373,0.1,2.22591,,
16723294,EIF3M,0.048471,0.1,2.04661,,
16656187,---,0.048476,0.1,2.05576,,
16735818,---,0.048476,0.1,2.00641,,
17092743,---,0.048606,0.1,4.06975,,
17086540,CTSL1,0.048637,0.1,3.50133,,
16919448,SERINC3,0.048717,0.1,2.50867,,
16938133,GALNT15,0.048820,0.1,5.09363,,
17112623,SYTL4,0.048821,0.1,3.17549,,
16992459,---,0.048867,0.1,9.11062,,
16650251,---,0.048918,0.1,2.05414,,
16947287,TIPARP,0.048950,0.1,2.16594,,
16812717,BTBD1,0.049244,0.1,2.98835,,
16699288,---,0.049285,0.1,2.15074,,
16934586,---,0.049328,0.1,3.28658,,
16880243,---,0.049381,0.1,3.04671,,
16676988,HSD11B1,0.049401,0.1,5.3779,,
16771474,---,0.049442,0.1,2.0774,,
16653733,---,0.049454,0.1,2.00941,,
17118890,---,0.049463,0.1,2.57426,,
16654661,---,0.049470,0.1,2.61494,,
16993424,---,0.049515,0.1,3.13774,,
16962921,ATP13A3,0.049633,0.1,82.9226,,
16810967,---,0.049782,0.1,2.43967,,
16771571,---,0.049839,0.1,2.00393,,
17022352,---,0.049856,0.1,4.5348,,
16654475,---,0.049957,0.1,2.00902,,
16951502,---,0.049968,0.1,2.24328,,
